"CODIGO","DETERMINACION"
AMOG.,(MYELIN OLIGODENDROCYTE GLICOPROTEIN
VD3,"1-25 VITAMINA D"
O11,"11-OXICORTICOIDES (11-OXIGENADOS)"
F17,"17-CETOESTEROIDES FRACCIONADOS"
C17,"17-CETOESTEROIDES NEUTROS TOT. URIN."
I17,"17-CETOESTEROIDES post DEXAMETASONA"
E17,"17-CETOESTEROIDES post ESTIM. ACTH"
H17,"17-HIDROCORTICOIDES Orina"
HPR-ACTH,"17-HIDROXI PROG.post ACTH"
HPRACTH3,"17-HIDROXI PROG.post ACTH"
HPR ACTH,"17-HIDROXI PROG.post ACTH2 NUESTRAS"
HPR-2-4,"17-HIDROXI PROG.post HCG"
HPR-HCG,"17-HIDROXI PROG.post HCG"
HPR,"17-HIDROXI PROGESTERONA"
HPR-1,"17-HIDROXI PROGESTERONA a la hora"
HPR-2,"17-HIDROXI PROGESTERONA a las 2 hs."
HPR-4,"17-HIDROXI PROGESTERONA a las 4 hs."
HPR-72,"17-HIDROXI PROGESTERONA a las 72 hs."
HPR30,"17-HIDROXI PROGESTERONA a los 30min"
HPR90,"17-HIDROXI PROGESTERONA a los 90min"
HPR POST,"17-HIDROXI PROGESTERONApost estimulo"
HEXANO,"2.5 HEXANODIONA en ORINA"
MOPEG,"3 METOXI 4 HID.FENIL ETIL GLICOL (MOFEG)"
HMI,"5-HIDROXI,3-METILINDOL URINARIO"
NU5,"5-NUCLEOTIDASA"
AAMIT,A ANTI MITOCONDRIAL (AMA)
ABAC,"abacavir sensibilidad, HLAB 5701"
ABO,Abuelo
Anti adr,AC ANTI ADRENALES
ANCA,Ac Anti CITOPLASMA DE NEUTROFILOS (ANCA)
ACMUSK,Ac Anti Musk
AcPNEU,Ac ANTI NEUMOCOCO
APCC.,Ac anti Peptidos Citrulinados Ciclicos
AcPneu,Ac Anti PNEUMOCOCO
TRAB,Ac Anti Receptor de TSH
ANTI RI,Ac ANTI RI
ASCA  A,Ac ANTI SACHAROMICES IgA
ASCA G,Ac ANTI SACHAROMICES IgG
ASCA IgG,Ac Anti SACHAROMICES IgG
IA-2A,Ac anti tirosinafosfatasa
Ac Trepo,Ac Anti Treponema Pallidum
ANTI YO,Ac ANTI YO
AATG-U.,Ac Antitiroglobulina ultrasensible
AGP4.,Ac NMO AQUAPORINA 4
vSARSIgM,Ac sars IgM Manlab?
AcTOXTET,Ac Toxoide Tetánico
ACAN,Acanthamoeba PCR
A SPP,ACANTHAMOEBA spp CULTIVO de
ASCA IgA,AcAntiSachoromices IgA ASCA)
AcCO2IgM,AcCOV2-IgM
CEU,ACETONA CUANTITATIVA ORINA
CET,ACETONA CUANTITATIVA SANGRE
ACU,ACETONURIA CUALITATIVA
CAG,ACIDEMETRIA GASTRICA CURVA
ACI,ACIDIMETRIA GASTRICA (diagnez)
EAB,"ACIDO BASE,PH, PCO2 BIC, E.B"
CIT (sem,ACIDO CITRICO( plasma seminal)
VETAFO,ACIDO FOLICO VETERINARIA
A5-HIA,Acido hidroxindolacetico
AHV,ACIDO HOMOVALINICO
AMM,ACIDO METILMALONICO
AMMo,ACIDO METILMALONICO EN ORINA
TT-MUCO,ÁCIDO TRANS TRANS MUCONICO
VETAUR,ACIDO URICO VETERINARIA
AC ORG,ACIDOA ORGANICOS
ABI.,ACIDOS BILIARES
VETBIL,Acidos Biliares (pre y pos) - (VETERINARIA)
ABI,ACIDOS BILIARES EN PLASMA
AC GRASO,ACIDOS GRASOS SAT.DE CADENA LARGA
AC ORG.,ACIDOS ORGANICOS URINARIOS
ACYL,ACIL CARNITINA
ACYL.,ACILCARNITINAS
AcSARS G,Acs SARS  COV-2 IgG
AcSARS M,Acs SARS COV-2 IgM
ACTH,ACTH ADRENOCORTICOTROFINA
ACTH 20,ACTH CORTICOTROFINA  a los 20 minutos
ACTH-4PO,ACTH POST ACTH A LAS 4 HORAS
REN,ACTIVIDAD DE RENINA PLASMATICA
ADD,ADDIS - RECUENTO DE
ADP,ADENOSIN DIFOSFORICO ACIDO
AMP,ADENOSIN MONOFOSFORICO ACIDO
ATP,ADENOSIN TRIFOSFORICO ACIDO
AgAdv,Adenovirus Ag
ADENO GE,ADENOVIRUS ANTIC.ANTI IgG Elisa
ADENO GI,ADENOVIRUS ANTIC.ANTI IgG IFI
ADENO ME,ADENOVIRUS ANTIC.ANTI IgM Elisa
ADENO MI,ADENOVIRUS ANTIC.ANTI IgM IFI
ADENO Ag,ADENOVIRUS ANTIGENO IFI Mab
ADE,ADENOVIRUS MAT FECAL
ADRE,ADRENALINA
ADO,ADRENALINA en orina
AGP,AGREGACION PLAQUETARIA
AGUA BAT,AGUA ANALISIS BATERIOLOGICO
AGUA FQ,AGUA ANALISIS FISICO QUIMICO pH-ALC-DBO
AH50,AH50
ALB-Bi,ALBUMINA
VETALB,ALBUMINA
ALB-U,ALBUMINURIA - ALBUMINA EN ORINA
ALB-U.,ALBUMINURIA (ALBUMINA EN ORINA)
DRO,ALCALOIDES y ANFETAMINAS
ALD,ALDOLASA
ALDDEPIE,ALDOSTERONA DE PIE
ALO,ALDOSTERONA en orina  (RIA)
ALR,ALDOSTERONA PLASMATICA
ALR-PC,ALDOSTERONA post CAPTOPRIL
ALRPD,ALDOSTERONA POST DEX.
ALR-POST,ALDOSTERONA post Ejercicio
TRIP,ALFA 1 ANTITRIPSINA
ATF,ALFA 1 ANTITRIPSINA CLEARENCE DE
AFL,ALFA FETO PROT.en liqu.amniotico
AFP,ALFA FETO PROTEINA
CETOACI,ALFA-CETOACIDOS
ALIMEN,ALIMENTO SUST.DEL POLEN
ALP,ALPRAZOLAN
AL,ALUMINIO
ALZ,Alzheimer
VETAMS,AMILASA SERICA VETERINARIA
AMS,AMILASEMIA
AMU,AMILASURIA
AMINA,AMINAS TEST DE
CAA,AMINOACIDEMIA FRACCIONADA CROMATOGRAFIA
AMIO.,AMINOACIDOS CUANTITATIVOS
AMIO,AMINOACIDOS SERICOS
AMN,AMINOACIDOS- Orina cualitativo
CRO-AMIN,AMINOACURIA FRACCIONADA CROMATOGRAFIA
AMI,AMINOFILINA
AMT,AMINOTRIPTILINA
TDL,AMNIOTICO LIQ. ESPECTROFOT. TEST DE LISLEY
NAR,AMNIOTICO LIQUIDO CELULAS NARANJ
CEL NAR,AMNIOTICO LIQUIDO CELULAS NARANJA
RLE,AMNIOTICO LIQUIDO RELACION LECTINA/ESF
NH4,AMONEMIA
AMC,AMP CICLICO R.I.A
AMPO,AMPc- en ORINA
AMPN,AMPc- NEFROGENICO
PIK3CAe,"ampliado exones 1,4 y 7"
LSDM1,Análisis del gen TTR. NGS
LSDM3,Análisis gen HMBS. NGS
VETAP,Anaplasma platys PCR
AN4,ANDROSTENEDIONA (delta 4)
"3alfaAG",Androstenodiol Glucuronido
AN4 ACTH,ANDROSTENODIONA (delta 4) post ACTH
ANFETA,Anfetaminas en orina
ANG 2,ANGIOTENSINA
ANG,ANGIOTENSINA R.I.A
AOR,ANION ORGANICO (Mat. fecal)
APCC,Ant a peptidos ciclicos citrulinados
ABP,ANTI CEL BETA PANCREATICA
AABP,Anti celula beta pancreatica
ANTI M2,ANTI M2
AMOG,ANTI MOG
AGP4,ANTI NMO(AQUAPORINA 4)
ASCOV2S,Anti SARS-COV2 S
ANTI-A,ANTI-A
ANTI-B,ANTI-B
ANT,ANTIBIOGRAMA
ANT2,Antibiograma adicional
<NUEVO>,Antibiograma adicional
VETANT2,Antibiograma adicional (VETERINARIA)
AN7,ANTIBIOGRAMA BACILO DE KOCH 7A
ATBCUM,ANTIBIOGRAMA CUM
AADN,ANTIC ANTI ADN NATIVO
AGAD,ANTIC ANTI GAD
ASSB,ANTIC ANTI SSA (La)
ASSA,ANTIC ANTI SSA(Ro)
LIST IGM,antic antilisteria IgM
ANC C E,ANTIC. ANTI PROTEINASA 3 (PR3)
AAF,ANTIC.ANTI ACIDO FOSFATIDICO IgG
AAM,ANTIC.ANTI ACIDO FOSFATIDICO IgM
RNA,ANTIC.ANTI ACIDO RIBONUCLEICO-ANTI RNA
ACTINA,ANTIC.ANTI ACTINA
ADN ds,ANTIC.ANTI ADN ds (DOBLE CADENA)
ANCA C,ANTIC.ANTI ANCA-C
ANCA P,ANTIC.ANTI ANCA-P
Ac APG,ANTIC.ANTI ASPERGILLUS
B2G G,ANTIC.ANTI BETA 2 GLICOPROTEINA IgG
B2G M,ANTIC.ANTI BETA 2 GLICOPROTEINA IgM
CARA,ANTIC.ANTI CARDIOLIPINAS IgA
CAR,ANTIC.ANTI CARDIOLIPINAS IgG
CAM,ANTIC.ANTI CARDIOLIPINAS IgM
APA,ANTIC.ANTI CELULAS PARIETALES
CEN,ANTIC.ANTI CENTROMERO
ANTI LC1,ANTIC.ANTI CITOSOL  HEPATICO 1(LC1)
AACOC,ANTIC.ANTI COCLEARES anti p68 KD
AAC,ANTIC.ANTI CRISTALINO
FNL,ANTIC.ANTI DESOXIRRIBONUCLEICO
ADN d,ANTIC.ANTI DNA ds Elisa Cuant.
DND,ANTIC.ANTI DNA NATIVO
DNN,ANTIC.ANTI DNA NATIVO (Crithidia)
ADN ss,ANTIC.ANTI DNA ss(Simple cad. Elisa
ENA,ANTIC.ANTI ENA
END,ANTIC.ANTI ENDOMISIO IgA
ENG,ANTIC.ANTI ENDOMISIO IgG
ENM,ANTIC.ANTI ENDOMISIO IgM
AC ESPER,ANTIC.ANTI ESPERMATICO
ESP A,ANTIC.ANTI ESPERMATICOS plasma seminal IgA
ESP G,ANTIC.ANTI ESPERMATICOS plasma seminal IgG
Ac ESP A,ANTIC.ANTI ESPERMATICOS Sangre IgA espec:
Ac ESP G,ANTIC.ANTI ESPERMATICOS Sangre IgG espec.
ESPER Ac,ANTIC.ANTI ESPERMATOZOIDES
AFI,ANTIC.ANTI FACTOR INTRINSECO
FIG,ANTIC.ANTI FOSFATIDIL INOSITOL IgG
FIM,ANTIC.ANTI FOSFATIDIL INOSITOL IgM
AFS,ANTIC.ANTI FOSFATIDIL SERINA IgG
AFM,ANTIC.ANTI FOSFATIDIL SERINA IgM
AAFOL G,ANTIC.ANTI FOSFOLIPIDOS IgG
AAFOL M,ANTIC.ANTI FOSFOLIPIDOS IgM
MSH,ANTIC.ANTI FRAC.MICROS TIR.HE
GAD,ANTIC.ANTI GAD
GM1,ANTIC.ANTI GANGLIOSIDO ASIALO GM1
GM1-M,ANTIC.ANTI GANGLIOSIDO ASIALO GM1 IgM
GD 1B,ANTIC.ANTI GANGLIOSIDOS GD 1B
GM1 G,ANTIC.ANTI GANGLIOSIDOS GM1 - IGG
GM1 M,ANTIC.ANTI GANGLIOSIDOS GM1 - IGM
GM1 A,ANTIC.ANTI GANGLIOSIDOS SNTI GM1 A
GAM,ANTIC.ANTI GLIADINA (IgM)
GAA,ANTIC.ANTI GLIADINA IgA
GAG,ANTIC.ANTI GLIADINA IgG
AAG,ANTIC.ANTI GLOMERULAR.I.F.I
AAH,ANTIC.ANTI HISTONA
Ac HU,ANTIC.ANTI HU ( ANNA -1)
AAI,ANTIC.ANTI INSULINA
AIL,ANTIC.ANTI ISLOTE DE LANGERHENS
AJO,ANTIC.ANTI JO1
LKM,ANTIC.ANTI LKM
LKM1,ANTIC.ANTI LKM 1
LKM2,ANTIC.ANTI LKM 2
MBI,ANTIC.ANTI MEMBRANA BASAL IFI
ANC P E,ANTIC.ANTI MIELOPEROXIDASA
MIH,ANTIC.ANTI Mitocondrial Hepatico
MII,ANTIC.ANTI MITOCONDRIAL IFI
MII M2,ANTIC.ANTI MITOCONDRIAL M2
AME,ANTIC.ANTI MUSCULO ESTRIADO
MSE,ANTIC.ANTI MUSCULO ESTRIADO
MLI,ANTIC.ANTI MUSCULO LISO (ASMA)
MLI A,ANTIC.ANTI MUSCULO LISO con IgA
MLI G,ANTIC.ANTI MUSCULO LISO con IgG
MLI M,ANTIC.ANTI MUSCULO LISO con IgM
FAN,ANTIC.ANTI NUCLEARES IFI
FANHEP2,ANTIC.ANTI NUCLEO - FAN -
ANU,ANTIC.ANTI NUCLEOLO
OVAR-Ac,ANTIC.ANTI OVARIO
Ac PIEL,ANTIC.ANTI PIEL
AARPQ,ANTIC.ANTI PLAQUETAS
PM1,ANTIC.ANTI PM1
AAQ,ANTIC.ANTI QUERATINA
ACRA,ANTIC.ANTI RECEP.ACETILCOLINA
vTRAB,ANTIC.ANTI RECEPTOR DE TSH estimulador
TBII,ANTIC.ANTI RECEPTOR DE TSH inhibidor
AA RET,ANTIC.ANTI RETICULINA
RTI,ANTIC.ANTI RETICULINA
AA RET A,ANTIC.ANTI RETICULINA IgA esp
RETIN-Ac,ANTIC.ANTI RETINA
RNP,ANTIC.ANTI RNP
SCL,ANTIC.ANTI Scl 70
S70,ANTIC.ANTI Scl-70
ASM,ANTIC.ANTI Sm (Smith)
vARO,ANTIC.ANTI SSA (o ANTI RO)
vAla,ANTIC.ANTI SSB (o ANTI La)
NEUB Ac,ANTIC.ANTI STREPTOCOCO
AATG,ANTIC.ANTI TIROGLOBULINA
vAATG-U,ANTIC.ANTI TIROGLOBULINA ULTRAS.
TPO,ANTIC.ANTI TIROPEROXIDASA
TPO-U,ANTIC.ANTI TIROPEROXIDASA ULTRAS
TANB Ac,ANTIC.ANTI TOXOIDE TET
ATG A,ANTIC.ANTI TRANSGLUTAMINASA IgA
ATG G,ANTIC.ANTI TRANSGLUTAMINASA IgG
U3 RNP,ANTIC.ANTI U3 RNP (SCL 34)
Ac YO,ANTIC.ANTI YO
HCV IGG,ANTICUERPO ANTI HCV IgG
APD IgA,ANTICUERPOS ANTI PEPTIDOS DEAMINADOS IgA
APD IgG,ANTICUERPOS ANTIPEPTIDOS DEAMINADOS IgG
AC IRREG,ANTICUERPOS IRREGULARES
AEL,ANTIESTAFILOLISINA
ASO,"ANTIESTREPTOLISINA ""O"""
CA 19-9,ANTIG CARBOHIDRATO MARCADOR CA 19-9
WIH,ANTIGENO FLAGELAR H
WIA,ANTIGENO PARATIFICO A
WIB,ANTIGENO PARATIFICO B
PSA,ANTIGENO PROSTATICO ESPECIFICO (PSA)
EOT,ANTIOXIDANTES TOTALES
ATG A.,ANTITRANSGLUTAMINASA IGA
ATRMF,ANTITRIPSINA EN M. FECAL
ATR,ANTITRIPSINA ID CUANTITATIVA
AT3,ANTITROMBINA III
vAPO,"APOLIPOPROTEINA ""A"""
vAPB,"APOLIPOPROTEINA ""B"""
APO A,APOLIPOPROTEINA A
APO B,APOLIPOPROTEINA B
AQP4,AQUAPORINA 4
AQP4.,AQUAPORINA 4
ARG,Argenetics
ARS,ARSENICO
AS-CR-U,ARSENICO / CREATININA en orina
AS-A,ARSENICO en agua
ARS-AGUA,ARSENICO EN AGUA
AS-ESTEA,ARSENICO en estearato de Zinc
AS-U,ARSENICO en ORINA
AS-PELO,ARSENICO en pelo
AAS,ASCORBICO ACIDO
ASP,ASPECTO DEL SUERO
ASP 20,ASPECTO DEL SUERO a las 20 hs.
APG,ASPERGILIUS  ANTIC. ANTI
FRIED,Ataxia de Friedreich
ATO,ATOPOBIUM
SBMA,Atrofia muscular espinobulbar Kennedy
VAC,AUTOVACUNA
SPM,AUTOVACUNA SUERO PREMENSTRUAL
AZMF,AZUCARES REDUCTORES EN MATERIA FECAL
ZNO,B.A.A.R.    orina
VETBCV,Babesia vogeli PCR
BK3,BACILO DE KOCH 3 muestras-Elisa
KES,Bacilo de KOCH esputo 3 muestras
ZNC,BACILOSCOPIA DIRECTA Y CULTIVO
ZND,BACILOSCOPIA DIRECTA Z.N
ZNI,BACILOSCOPIA POR IF
PRO-COSM,BACT. COSMETICOS REC. DE COLONIAS
BACT,Bacteriologico multiple
OLIGOCL,BANDAS OLIGOCLONALES EN L.C.R.
BAN-OLIG,BANDAS OLIGOCLONALES en LCR
BOO,BANDAS OLIGOCLONALES en ORINA
BARBIT,Barbituricos
BARTO G,BARTONELLA HENSELAE IgG
BARTO M,BARTONELLA HENSELAE IgM
TDB,"BASOFILOS DESGRANULACION, TEST DE"
BCRABLc,BCR-ABL cuantificación
PBJ,"BENCE JONES,PROTEINAS DE"
BEN,BENZODIACEPINA
BENDOR,BETA - ENDORFINA
GLIC IgG,Beta 2 Glicoproteina IgG
GLIC IgM,Beta 2 Glicoproteina IgM
B2M,BETA 2 MICROGLOBULINA
B2O,BETA 2 MICROGLOBULINA en orina
BCROSS,Beta CrossLaps
BCL,Beta CrossLaps
SBR-L,BETA HCG LIBRE PLASMATICA
Bla,BETA-LACTAMASA
BOHB,BETAHIDROXIBUTIRATO
BIC,BICARBONATO
cHCO3,BICARBONATO
BIU,BICARBONATO URINARIO
BBPL,BIG BIG PROLACTINA
BIL ORI,BILIRRUBINA EN ORINA
BRP,BILIRRUBINEMIA  POST-PRANDIAL
BIL-Bi,BILIRRUBINEMIA TOT.DIR.INDIR.
VETBILT,BILLIRRUBINA VETERINARIA
BLA,BLASTOMYCES DERMATITIDES-ANTIC.ANTI
B06,BONO IOMA
B10,BONO IOMA
BP-PCR,BORDETELLA PERTUSSIS - PCR
BPG,BORDETELLA PERTUSSIS IgG
BPM,BORDETELLA PERTUSSIS IgM
BORRE G,BORRELIA BURGDORFERI Antic. IgG
BORRE M,BORRELIA BURGDORFERI Antic. IGM
BRCA,BR CA1 - BR CA (PANEL ASHKENAZI)
BRCA1-2,BRCA1-2
HOL,BROMATO HONGOS EN LEV.DE CERV. Y HARINA Rec. de
VETBRK.,Bromuro de Potasio(VETERINARIA)
VETBRK,bromuro de potaso (VETERINARIA)
BRUCE G,BRUCELLA ANTIC.ANTI  ELISA IgG
BRUCE M,BRUCELLA ANTIC.ANTI  ELISA IgM
BBI,BRUCELLA ANTIC.ANTI  I.F.I IgG
BBM,BRUCELLA ANTIC.ANTI  I.F.I IgM
BBA,BRUCELLA ANTIC.ANTI  I.F.I.IgA
BBF,BRUCELLA ANTIC.ANTI Fij.Complemento
BBI-C,BRUCELOSIS CANINA (IgG)
BRU M,BRUSELLAS IgM * Inmunofluorescencia
BTA,BTA Test
nueplp,buevo plp
BUF,BUFOTENINA EN ORINA
C1Q-IN,C1q INHIBIDOR ANTIGENICO
C125,CA 125 (ovario)
C15,CA 15/3 (mama)
C19,CA 19/9 (Digest.Ginecolog.)
C21,CA 21-1
C72,CA 72-4
CLKLcual,Cadenas Livianas Kappa Lambda suero cualitativo
CLKL,CADENAS LIVIANAS KAPPA SUERO
CLLAMBD,CADENAS LIVIANAS LIBRES LAMBDA SUERO
CLKLO,CADENAS LIVINAS EN ORINA(kappa-lambda)
CADMIO,CADMIO Determinac.de
CD-A,CADMIO en AGUA
CA-Bi,CALCEMIA
VETCA-Bi,CALCEMIA VETERINARIA
REL-OOC,CALCIO / CEATININA  RELACION
REL,CALCIO / CREATININA  RELACION
REL 2H,CALCIO / CREATININA en 2hs  RELACION
Rel,CALCIO / CREATININA RELACION
CA-CR-OC,CALCIO CREATININA EN ORINA OCACIONAL
CA-A,CALCIO en agua
CAU,CALCIO en orina
CA-U12,CALCIO en orina de 12hs.
CA-U2,CALCIO en orina de 2 horas
CA-U3,CALCIO en orina de 3 horas
CA-UOC,CALCIO en orina ocacional
CA-U-AA,CALCIO en orina POR Abs. A.
CAI,CALCIO IONICO
CAI.,CALCIO IONICO
CAI-U,CALCIO IONICO EN ORINA
CAL,CALCITONINA Plasmática
CA-U2-AA,CALCIURIA EN ORINA DE 2 HORAS A.A.
C BILIAR,CALCULO BILIAR
CUr,CALCULO BILIAR-SALIVA ETC.
VETCalc,Cálculo fisicoquímico (VETERINARIA)
relPSA,cálculo PSA/PSAL
CALCSAL,Calculo Salival
CALCa,CALCULO URINARIO  AN
CUR,CALCULO URINARIO FIS/QUIMICO
CUR-CRIS,CALCULO URINARIO-CRISTALOGRAFIA
CALC,"calculo urinario, examen fisicoqco"
CUV,Calculo vesicular
CALPROT,CALPROTECTINA
CALR,Calreticulina exon 9
CAMPYLO,CAMPYLOBACTER FETUS SPP
CAH29,cancer hereditario 29 genes
CAH84,cancer hereditario 84 genes
CAN,CANDIDA ALBICANS SEROLOGIA PARA
HIST DEG,CAPACIDAD DE DEGRADACION DE HISTAMINA
CAP,CAPTOPRIL-RENINA ACT. TEST DEL
CBZ,CARBAMAZEPINA
EPO,CARBAMAZEPINA-EPOXIDO
PCO,CARBONICO ANHIDRIDO PCO2
CBX,CARBOXIHEMOGLOBINA
CAR M,CARDIOLIPINAS  IgM
CV,Carga Viral
CARIO2A,Cariotipo alta resolución sangre periférica
CARIO,cariotipo estandar sangre periferica
CARMO,Cariotipo médula ósea
CRT,CARNITINA
CAR-LyT,CARNITINA LIBRE  y TOTAL
BCA,CAROTENO BETA EN SANGRE
IDC,CASONI INTRADERMORREACCION
CAT P,CATECOLAMINAS PLÁSMATICAS
CAT U,CATECOLAMINAS TOTALES-Orina
CD14,CD 14 SUBPOBLAC. LINFOCITARIA Citometria de fluj
CD15,CD 15 SUBPOBLAC. LINFOCITARIA Citometria de fluj
CD16,CD 16 SUBPOBLAC. LINFOCITARIA POR CF
CD19,CD 19 SUBPOBLAC. LINFOCITARIA Citometria de fluj
CD19-INV,CD 19:INV SUBPOBLAC. LINFOCITARIA POR CF
CD2,CD 2 SUBPOBLAC. LINFOCITARIA Citometria de fluj
CD20,CD 20 SUBPOBLAC. LINFOCITARIA Citometria de fluj
CD3,CD 3 SUBPOBLACION LINFOCITARIA POR CF
CD4,CD 4 SUBPOBLACION LINFOCITARIA POR CF
CD5,CD 5 SUBPOBLAC. LINFOCITARIA POR CF
CD56,CD 56 SUBPOBLAC. LINFOCITARIA POR CF
CD57,CD 57 SUBPOBLAC. LINFOCITARIA Citometria de fluj
CD7,CD 7 SUBPOBLAC. LINFOCITARIA Citometria de fluj
CD8,CD 8 SUBPOBLAC. LINFOCITARIA Citometria de fluj
CEA,CEA ANTIGENO CARCINOEMBRIONARIO
CELIAQ1,Celiaquia Manlab
CELIAQ,CELIAQUISMO
CLUE CEL,CELULAS CLUE CELLS
CLE,CELULAS LE
CLE.,CÉLULAS LE
CER,CERULOPLASMINA
KGU,CETOGENOESTEROIDES URINARIOS
CHAGAS,CHAGAS
CHA I,CHAGAS ELISA
CHAE M,CHAGAS ELISA IGM
CHAE G,CHAGAS HAI  ANTIC. TOTALES
CHI,CHAGAS IFI IgG
CHM,CHAGAS IFI IgM
vCHLA,Chlamydia Molecular
CTM,chlamydia molecular
CHPCR,Chlamydia PCR
CLNE G,CHLAMYDIA PNEUMONIAE  IgG
CLNE M,CHLAMYDIA PNEUMONIAE  IgM
CLPS G,CHLAMYDIA PSITACCI  IgG
CLPS M,CHLAMYDIA PSITACCI  IgM
CLPS LP,CHLAMYDIA PSITTACI en LIQ.PERI
CLTR A,CHLAMYDIA TRACHOMATIS  IgA
CLTR G,CHLAMYDIA TRACHOMATIS  IgG
CLTR M,CHLAMYDIA TRACHOMATIS  IgM
CLTR Ag,CHLAMYDIA TRACHOMATIS Antigeno
CYI PCR,CHLAMYDIA TRACHOMATIS por PCR
CYi,CHLAMYDIAS INVEST.DE
CCL,CICLOSPORINA
CIS,CISTINURIA
PRENATAL,CITOGENETICO PRENATAL ESTUDIO
URO,CITOLOGIA VAGINAL HORMONAL (1 MUESTRA)
UR4,CITOLOGIA VAGINAL HORMONAL (4 MUESTRA)
UR7,CITOLOGIA VAGINAL HORMONAL (UN CICLO)
CMO,CITOLOGICO DE MOCO NASAL
CMV,Citomegalovirus
CMVPCR,Citomegalovirus
CMV FC,CITOMEGALOVIRUS Ac (FIJ. COMPL)
CMV G,CITOMEGALOVIRUS ANTIC. IgG
CMV M,CITOMEGALOVIRUS ANTIC. IgM
CMV AV,CITOMEGALOVIRUS ANTIC.IgG AVIDEZ
CMV A,CITOMEGALOVIRUS ANTICUERPO ANTI
CMV Pp65,CITOMEGALOVIRUS ANTIG. Pp65
CMV Ag,CITOMEGALOVIRUS ANTIGENEMIA
CMVQ,Citomegalovirus carga viral
CMV AV.,CITOMEGALOVIRUS nATI IGg AVIDEZ
CMV QUI,CITOMEGALOVIRUS POR QUIMIOLUMINISCENCIA
CMV PCR,CITOMEGALOVIRUS-ADN
CIT2,CITRICO ACIDO en orina de 2 hs.
CIT,CITRICO ACIDO Orina
CITRICO,CITRICO ACIDO Suero
CDF,Clearence de fosforo
CDO,clearence osmolaridad
CDC SUP ,CLEARENCE SUP CORPORAL
TCL,CLEMENS TEST DE en liq.amniotico
CLI,CLINITEST (MATERIA FECAL)
CLI ORI,CLINITEST en ORINA
CBN,CLOBAZAN
CLP,CLOIMIPRAMINA
CNZ,CLONAZEPAN
CLZ,CLORAZEPAN
cl,cloro
CLO,CLORO PLASMATICO
CLU,CLORO URINARIO
CLORPR,CLORPROMAZINA DOSAJE DE
CLO LCR,CLORUROS EN LCR
CLOS,CLOSTRIDIUM DIFFICILE TOXINA A+B INVEST.DE
BR-PERF,CLOSTRIDIUM PERFRINGENS REC. DE
CLOZAP,CLOZAPINA DETERMINACION DE
EUG POS,COAG.de EUGLOBULINAS POST ISQUEMIA
EUG PRE,COAG.de EUGLOBULINAS PRE ISQUEMIA
SBB COA,COAGLUTINACION para SSB
COA CAO,COAGULACION CON CAOLIN
RCO,COAGULO RETRACCION DEL
vCOA,COAGULOGRAMA BASICO
v1COA,COAGULOGRAMA BASICO
COA,COAGULOGRAMA BASICO
COBALT-O,COBALTO ORINA AL AZAR
COBALTO,COBALTO PLASMATICO
CU-A,COBRE en agua
CU-SL,COBRE en muestra de suelo
CU-U,COBRE en orina
CU-CR-U,COBRE en orina SOBRE CREATININA
CU,COBRE EN SANGRE
CU-B,COBRE EN SUERO BOVINO
CU-EQ,COBRE EN SUERO DE EQUINO
Coc,COCAINA (polvo) INVEST.DE
COCA ORI,COCAINA EN ORINA
COCCI G,COCCIDIOIDES INMITIS Ac G
COCCI M,COCCIDIOIDES INMITIS Ac M
COCCI,COCCIDIOIDES INMITIS BANDA F
PCM,COCCIDIOIDES INMITIS BANDA TP
COFACTOR,COFACTOR DE RISTOCETINA
VIB,"COLERA, VIBRIO Investigacion de"
HDL-Wi,COLESTEROL HDL
LDL-Wi,COLESTEROL LDL
COL-Bi,COLESTEROL TOTAL
VETCOL,COLESTEROL TOTAL VETERINARIO
ECO,"COLESTEROL TOTAL,LIBRE ESTERIF."
VLD,COLESTEROL VLDL cálculo
VLDL,COLESTEROL VLDL determinación
COE,COLINESTERASA ERITROCITARIA
COLI,COLINESTERASA PLASMATICA
COLONIA,COLONIAS MICOTICAS ESTUDIO DE
RDC-1CH,COLONIAS RECUENTO DE (en 1er chorro)
RDC-SON,COLONIAS RECUENTO DE EN SONDA - PUNCION
COM,COMENTARIO
COMPAT,COMPATIBILIDAD MATRIMONIAL
C50,COMPLEMENTO Actividad total (CH50)
C50.,COMPLEMENTO Actividad total (CH50)
C1T,COMPLEMENTO C1 TOTAL (q+r+s)
C1Q,COMPLEMENTO C1Q
C1Q-An,COMPLEMENTO C1Q INHIBIDOR ANTIGENIC
C1Q-IF,Complemento C1Q INHIBIDOR FUNCIONAL
C2,COMPLEMENTO INMUNOQ. C2
C3,COMPLEMENTO INMUNOQ. C3
C4,COMPLEMENTO INMUNOQ. C4
C5,COMPLEMENTO INMUNOQ. C5
CIM,CONCENT.INHIBITORIA MINIMA
PDC,CONCENTRACION PRUEBA DE LA
CBI,COOMBS AGLUTININAS ANTI Rh
CBD,COOMBS DIRECTA PRUEBA
CBI.,COOMBS INDIRECTA CUALITATIVA
COPIA,COPIA FIEL
CMF,COPROCULTIVO
VETCOPR,Coprocultivo (VETERINARIA)
MFC,coprocultivo con recuento de cándida
HPG,Coproparasitologico HPG
COPRO,coproparasitologico seriado
CUT,COPROPORFIRINAS
POM,COPROPORFIRINAS en materia fecal
CPO,COPROPORFIRINAS en orina
POS,COPROPORFIRINAS ERITROCITARIAS
HUNT,Corea de Huntington
COR-AC4M,"CORTISOL 0,15,30,60 PR.  ESTIM. SUPRARENAL"
COR-AC3M,"CORTISOL 0,30,60 PR.  ESTIM. SUPRARENAL"
COR-60PA,"CORTISOL 0,60 POST ACTH"
COR-18PD,CORTISOL 18 horas POST DEXAMETASONA
COR-10,CORTISOL a las 10 horas
COR-12,CORTISOL a las 12 horas
COR-16,CORTISOL a las 16 hs.
COR-16DP,CORTISOL a las 16 hs.post Dexametasona
COR-1630,CORTISOL a las 16:30 horas
COR-17,CORTISOL a las 17 hs.
COR-1730,CORTISOL a las 17:30 horas
COR-18,CORTISOL a las 18 hs
COR-1820,CORTISOL a las 18:20 hs
COR-1830,CORTISOL a las 18:30 hs
COR-19,CORTISOL a las 19 hs
COR-1930,CORTISOL a las 19:30 horas
COR-2,CORTISOL a las 2 hs.
COR-20,CORTISOL a las 20 horas
COR-21,CORTISOL a las 21 horas
COR-2130,CORTISOL a las 21:30 horas
COR-22,CORTISOL a las 22 horas
COR-23,CORTISOL a las 23 hs.
COR-6,CORTISOL a las 6 horas
COR-7,CORTISOL a las 7:00 horas
COR-8DP,CORTISOL a las 8 hs. post DEXAMENTASONA
COR-930,CORTISOL a las 9:30 Hs.
COR-30,CORTISOL a los 30 min.
COR-60,CORTISOL a los 60 min.
COR-90,CORTISOL a los 90 minutos
COR-ACTH,CORTISOL ACTH O y 30 min PRUEBA DE
COR,CORTISOL PLASMATICO
COR-4PA,CORTISOL post  ACTH a las 4 hs.
COR-PD,CORTISOL post dexametasona
COR-PA,CORTISOL post estimulo con ACTH
COR-2PH,CORTISOL POST HIDROXICORTISONA
COR-8PD,CORTISOL POSTDEXAMETASONA
CORSAL 1,CORTISOL SALIVA 16 HS
CORSAL8H,CORTISOL SALIVA 8HS
CORSAL12,CORTISOL SALIVAL 12 HS
CORSAL23,CORTISOL SALIVAL 23 HS
COR-U,CORTISOL URINARIO
COR-U.,CORTISOL URINARIO
COR-U1,CORTISOL URINARIO en ORINA DE 1Hs.
COR-V,CORTISOL VESPERTINO
VETCOR,CORTISOL veterinaria
COTID,COTININA
AcCOV2,COV-2IgG II
COVING,COVID en inglés
COVPOOL,COVID en pooles
NEOKIT,COVID-19 NEOKIT TECNOAMI
EXO,COXSACHIE B1 ANTICUERPOS ANTI
COX B G,COXSACKIE B1-2-3-4-5-6 (IgG)
COX B M,COXSACKIE B1-2-3-4-5-6 (M)
CPK-MB,CPK-MB (CARDÍACA)
C1Q-IF.,CQ1 INHIBIDOR FUNCIONAL
CC1,CREATININA CLEARENCE DE  en 12 hs.
CDC,CREATININA CLEARENCE O DEPURAC.
CRE-F,CREATININA EN FELINOS
CREATO,CREATININA EN ORINA
CR-U12,CREATININA en ORINA 12hs
CR-U02,CREATININA en orina de 2 hs.
CR-U03,CREATININA en orina de 3 horas
CRE-Bi,CREATININA en sangre
CREA-U,CREATININURIA ORINA AL AZAR
CK-Bi,CREATINQUINASA CPK
CRA,CRIOAGLUTININAS
CFI,CRIOFIBRINOGENO
CRG,CRIOGLOBULINAS
CRP,CRIPTOSPORIDIUM
CRISTAL,CRISTALES en liquido sinovial
CSX,CROMATINA SEXUAL
CRO-U,CROMO en Orina
CRO-CR-U,CROMO en ORINA SOBRE CREATININA
CROMO,CROMO en Sangre
CRO A,CROMOGRANINA A
BCR-ABL,Cromosoma Philadelphia - detección
XINDIV,cromosoma x tipificación STRs
YINDIV,Cromosoma Y 1 individuo
CITO MO,CROMOSOMOPATIAS ONCOLOGICAS
CITO MO1,CROMOSOMOPATIAS ONCOLOGICAS
CROSS,CROSS MATCH MATRIMONIAL
Cro,CROSS-MATCH CONTRA PANEL
CROSSL,CrossLaps
CRYPTO,CRYPTOCOCCUS NEOFORMANS
CC,CUERPOS CETONICOS
RCL,CUERPOS LAMELARES RECUENTO DE
CRMF,CUERPOS REDUCTORES EN MATERIA FECAL
CRO,CUERPOS REDUCTORES en orina
CULT,cultivo de flujo
CLCR,Cultivo liquido cefalorraquideo
VETSUP,"Cultivo superficies, caniles (VETERINARIA)"
VETZNC,Cultivo y directo BAAR (VETERINARIA)
VETGERM,"Cultivo, ID, directo, atb (VETERINARIA)"
GERM,Cultivos Fauces-H de heridas-Dius
VCUMMOL,CUM MOLECULAR
CUMMOL,cum molecular
CUMPCR,CUM PCR
C3S,CURVA DE SOMATOTROFINA
CYFRA 21,CYFRA 21-1
CyP2c196,CyP2c196 Conclusión e Interpretación
MND,DAVIDSOHN DIFERENCIAL PRUEBA DE
DEH 17,DEH 17 horas
DEH ACTH,DEHIDROEPIANDROSTERONA post AC
DHEAS.,DEHIDROEPIANDROSTERONA SULFATO SANG.
DHEAS,DEHIDROEPIANDROSTERONA SULFATO SANGUINEO
DHEA,DEHIDROPIANDROSTERONA
AN4 30,DELTA 4 ANDROSTENODIONA a los 30min
AN4 60,DELTA 4 ANDROSTENODIONA a los 60min
ALA C,DELTA AMINO-LEVULINICO ACIDO
DALD AT,DELTA-AMINO-LEVUL.ACTIV.TOTAL
DENGUE G,DENGUE ANTICUERPO IgG
DENGUE M,DENGUE ANTICUERPO IgM
DEN-NS1,DENGUE NS-1
DENGPCR,dengue por PCR
DEN 2,DENSIDAD de orina de las 2 Hs. A.M.
DEN,DENSIDAD URINARIA
DPD,DEOXI PIR en moles
D11,DEOXICORTISOL-11 (COMPUESTO S)
Dpi,DEOXIPIRIDINOLINA
DER FA,Dermatofagoide  farinae
MAT,Descartable Material
DES,DESIPRAMINE DOSAJE DE
DCB,DESMETILCLOBAZAN
DROGAS 2,DETECCION DE DROGAS
Ag P24,DETERMINACIÓN DE Ag P24 DE HIV 1
DAO,DIAMINO OXIDASA (SUERO)
BVD,DIARREA VIRAL BOVINA
DZP,DIAZEPAN
DIF,DIFENILHIDANTOINA
FENIT,DIFENILHIDANTOINA
DIF 3 HS,DIFENILHIDANTOINA  DOSAJE DE a 3hs.
DGEO,Digeorge sindrome FISH
DIG,DIGOXINA
DMD,"DIMERO ""D"""
DIMD,Dimero D
VETSDMA,DIMETILARGININA VETERINARIA
DMF,DIMETOXIFENILETILAMINA
DAO-GEN,DIOMINO OXIDASA (GENETICO CON EDTA)
DYT1,distonia torsion temprana PCR
DIST2,Distrofia miotónica tipo 2
STE,Distrofia steinert PCR
VO1,DIURESIS de 1 horas
VO3,DIURESIS de 3 horas
DOP,DOPAMINA PLASMATICA
DOO,DOPAMINA TOTAL O LIBRE orina
IGA dos,Dosaje IGA
DPYD,dpyd fluorouracilo
DQO,DQO-DEMANDA QUIMICA DE OXIGENO
DETDRG,DROGAS DETECCION DE
DROGA10,DROGAS EN ORINA SCREENING X 10
DROGAS,DROGAS RECONOCIMIENTO DE
TIR,DROGAS TIROIDEAS INVEST.DE
DMDMLPA,Duchenne DMD MLPA
EPEC,E.COLI ENTERO PATOGENO
EPEC-1,E.COLI ENTERO PATOGENO
ECX,ECHO COXSACKIE - ANTIC.ANTI
ECOX LP,ECHO-COXSACKIE en LIQ.PERICARD
VETEHR,Ehrlichia canis PCR
ELAS,Elastasa en materia fecal
EMB,EMBARAZO REACCION DE
ENT,enterovirus por PCR
ECA,ENZIMA CONVERTIDORA ANGIOTENSINA (RIA)
EAC,EOSINOFILOS CON INYECC ACTH
EOS MOCO,EOSINOFILOS EN MOCO NASAL
EOS SALI,EOSINOFILOS EN SALIVA
EOS,EOSINOFILOS Recuento de (SANGRE)
EOS ORI,EOSINOFILOS RECUENTO EN ORINA
ADR,EPINEFRINA PLASMATICA
EPO POST,EPOXIDO-CARBAMAZEPINA post Medicaci
EBNAM,Epstein baar EBNA IgM quimioluminiscencia
EB PCR,EPSTEIN BAAR por PCR
EBVCAG,Epstein Baar VCA IgG quimioluminiscencia
EBVCAM,Epstein Baar VCA IgM quimioluminiscencia
EB NA G,EPSTEIN BARR Ac. EBNA Nuclear  IgG
EBM,EPSTEIN BARR Ac. EBNA Nuclear  IgM
EB VCA G,EPSTEIN BARR Ac. VCA IgG CAPSIDE
EBVCA G.,EPSTEIN BARR Ac. VCA IgG CAPSIDE
EB VCA M,EPSTEIN BARR Ac. VCA IgM CAPSIDE
EBVCA M.,EPSTEIN BARR Ac. VCA IgM CAPSIDE
EB NA M,EPSTEIN BARR Ac.ANTI AG. NUCLEAR IgM
EBF,EPSTEIN BARR ANTIC.ANTI F.C.
EB EA G,EPSTEIN BARR EARLY ANTIGEN Ac.IgG
EB EA M,EPSTEIN BARR EARLY ANTIGEN Ac.IgM
VETBRH,Erhlichiasis canina - IFI (VETERINARIA)
RGR HIPO,ERITOCITOS HIPOCROMOS RECUENTO DE
EPY,ERITROPOYETINA
ERS,Eritrosedimentacion
ERRC,ERRORES CONGENITOS
ErrCon,ERRORES CONGENITOS
EHE,ESCHERICHIA COLI ENTERO HEMORRAGICO
T-LILLEY,ESPECTOFOTOMETRIA L. AMNIOTICO
ESP,ESPERMOGRAMA
SFE,ESPERMOGRAMA FERTILIDAD
ESPUTO,ESPUTO
EST,ESTEATOCRITO
E2-2,ESTRADIOL a las 2 hs.
E2-4,ESTRADIOL a las 4 hs.
E2-72,ESTRADIOL a las 72 hs.
E2-30,ESTRADIOL a los 30 m
E2-60,ESTRADIOL a los 60 min.
E2-90,ESTRADIOL a los 90 min.
E2-B,ESTRADIOL BIODISPONIBLE
E2,ESTRADIOL PLASMASTICO
VETE2,ESTRADIOL SERICO VETERINARIA
E2-LUT,ESTRAIOL PRUEBA ESTIMULACION DE - CON LUTEOT
EZQ,ESTREPTOQUINASA
vE3,ESTRIOL en suero
E3L.,ESTRIOL LIBRE EN SUERO
E3L,ESTRIOL LIBRE NO CONJUGADO
ESU,ESTRIOL URINARIO
ESR,ESTROGENOS TOTALES
ESO,ESTRONA
CITOGE 2,ESTUDIO CITOGENETICO
GCELI,Estudio de Génetica para Celiaquismo
MSI,ESTUDIO DE INESTABILIDAD DE MICROSATELITES
GEN,Estudio genético genérico
LRE,ESTUDIO LITIASIS RENAL
MBIOTA,Estudio microbiota
ALCO,ETANOL ALCOHOL ETILICO en orina
ETA,ETANOL TEST  DE
ALC,ETANOL TOXICO EN SANGRE
ETO,ETOSUXIMIDA HPLC
EUG,EUGLOBULINAS TEST DE
EXB,EXCESO DE BASE
BE,EXCESO DE BASE
EXOMA,exoma completo
PIK3CA,exones 9 y 20
DOMI,EXTRACCION a DOMICILIO
ENF,EXUDADO NASOFARINGEO
EZT,EZTREPTOZIME
VEGF,Factor de crecimiento endotelial vascular
FC2,FACTOR II de coagulacion
GEN 2021,FACTOR II-GEN PROTROMBINA 20210
FING,factor intrínseco IgG
FC9,FACTOR IX de coagulacion
FVL1,Factor Leiden G691A real time
F REMAT,FACTOR REMATOIDEO
FR Turbi,FACTOR REMATOIDEO por TURBIDIMETRIA
FRH,FACTOR RH
FDu,FACTOR Rh - Du
FC5,FACTOR V de coagulacion
FC7,FACTOR VII de coagulacion
FC8,FACTOR VIII de coagulacion
FC10,FACTOR X de coagulacion
FC11,FACTOR XI de coagulacion
FCT,FECUNTEST
FENC,FENCICLIDINA II
AFA,FENIL ACETICO ACIDO
FAO,FENIL ALANINA en ORINA
FAA,FENIL ALANINA SUERO (HPLC)
PHY,FENIL ALANINA(Recien nacido)
FENILCET,FENIL CETONAS
FEN,FENIL CETONURIA
FEA,FENIL ETIL AMINA
AFG,FENILGLIOXILICO ACIDO
AFENO,FENILGLIOXILICO ACIDO EN ORINA
FEB,FENOBARBITAL
FEB 3HS,FENOBARBITAL  DOSAJE DE a 3 hs
VETFEN,FENOBARBITAL VETERINARIA
FENOL,FENOLES en orina
FEO,FENOLES en orina
fen,FENOLES TOT.(LIBRES y CONJUGADOS)
FENOLES,FENOLES TOTALES
FA1AT,FENOTIPO ALFA 1 ANTITRIPSINA
FER,FERREMIA
FET,FERRITINA
PDF,"FIBRINA,PRODUC. DE DEGRADACION PDF"
FIB,FIBRINOGENO EN SANGRE
FILIAC,FILIACION
FGe,Filtrado Glomerular estimado
HER2,FISH Her2
LFQ,FISICO QUIMICO DE LIQUIDO PLEU
SALIVAS,FISICO QUIMICO DE SALIVA
PRO-ALIM,FISICOQUIMICO EN ALIMENTO BALA
FLU-A,FLUOR en agua
FLUOR,FLUOR SERICO
FLUOR-O,FLUORUROS URINARIO
CFL,FLUOXETINA DETERMINACION DE
AFO,FOLICO ACIDO
AFO ERI,FOLICO ACIDO ERITROCITARIO
AFE,FOLICO ACIDO SANGRE TOTAL
FON,FONDO OSCURO
AC FORM,FORMICO ACIDO en ORINA
FORMULA,FORMULA LEUCOCITARIA
FAP,FOSFATASA ACIDA PROSTATICA
FAR,FOSFATASA ACIDA PROSTATICA RIA
FATR,FOSFATASA ACIDA TARTRATO RESISTENTE
FAT,FOSFATASA ACIDA TOTAL
ALP-Bi,FOSFATASA ALCALINA
FEL,FOSFATASA ALCALINA CITOQUIMICA
Fat,FOSFATASA ALCALINA en semen
FAL-H,FOSFATASA ALCALINA HEPATICA
FAL-I,FOSFATASA ALCALINA INTESTINAL
FAI,FOSFATASA ALCALINA ISOENZIMA
FAL LEU2,FOSFATASA ALCALINA LEUCO.
FAL LEU,FOSFATASA ALCALINA LEUCOCITARIA
FAL-O,FOSFATASA ALCALINA Osea
VETFAL,FOSFATASA VETERINARIA
FAL-O.,FOSFATASO OSEA
FOG,FOSFATIDIL GLICEROL EN L.AMNIOT.
FGL,FOSFATIDIL GLICEROL en pa|o
FOU,FOSFATURIA
PHI,FOSFOHEXOSA ISOMERASA - PHI
FHI,FOSFOHEXOSA-ISOMERASA
FOL IgG,FOSFOLIPIDOS
FO12,FOSFORO 12hs
FOS-Wi,FOSFORO en sangre
FOS-B,FOSFORO EN SUERO BOVINO
VETFOS,FOSFORO VETERINARIO
FCROMOX,FRAGILIDAD DEL CROMOSOMA  X DETECCION DE
FHCG-R,FREE BETA HCG( ROCHE)
FRO,FROTIS CONJUNTIVAL
FRU,FRUCTOSA (plasma seminal)
FRP,FRUCTOSA SERICA
ALG-Bi,FRUCTOSAMINA
VETFRC,Fructosamina (VETERINARIA)
vFSH,FSH
FSH-120,FSH a los 120 minutos
FSH-20,FSH a los 20 minutos
FSH-25,FSH a los 25 minutos
FSH-30,FSH a los 30 minutos
FSH-40,FSH a los 40 minutos
FSH-60,FSH a los 60 minutos
FSH-90,FSH a los 90 minutos
FSH.,FSH PLASMATICA
FTA-LCR,FTA-ABS en liqu.cefalorr.
FTA,FTA-ABS por IFI (ac. totales)
FTM,FTA-ABS por IFI IgM
FMF,FUNCIONAL EXAMEN DE MAT. FECAL
FUNGI,Fungigrama
SBRQ,G.C.H. SUB-UNIDAD BETA
FREE HCG,G.C.H. SUB-UNIDAD BETA LIBRE
G6F-ERI,G6FD ERITROCITARIA
GABA,GABAPENTIN
GAL,GALACTOSEMIA
GGT,GAMMA GLUTAMIL TRANSPEPTIDASA
GES,GASES EN SANGRE-PO2-PCO2
GAS,GASTRINA PLASMATICA-RIA
GASPP,GASTRINA POST PRANDIAL
CyP2c19 ,GEN CYP2C19 Prov
GEN DE P,GEN DE PROTROMBINA
GEN F V,GEN FACTOR V
JAK2,Gen JAK2
MPLGEN,Gen MPL exón 10
EXTRA,genérico para agregar info
GGF,Genotificación de Rh
GLI,GLICEROL FOSFORIL COLINA en semen
GLICINA,GLICINA SERICA
GLAE.,GLOBULINA TRANSP. DE ANDR-ESTROG.(GLAE-SHBG)
GLOB,GLOBULINAS TOTALES
VETGLOT,GLOBULINAS TOTALES
GLAE,GLOBULINATRANSP. DE ANDR-ESTROG.(GLAE)
RGB,GLOBULOS BLANCOS RECUENTO DE
DISF,GLOBULOS ROJOS DISMORFICOS EN ORINA
RGR,GLOBULOS ROJOS RECUENTO DE
GCG,GLUCAGON
GLU-Bi,GLUCEMIA
GLU-12,GLUCEMIA a las 12 hs.
GLU-13,GLUCEMIA a las 13 hs.
GLU-14,GLUCEMIA a las 14 hs.
GLU-15-P,GLUCEMIA a las 15 horas (post almuerzo)
GLU-16-A,GLUCEMIA a las 16 hs. antes de la merienda
GLU-17,GLUCEMIA a las 17 horas
GLU-18,GLUCEMIA a las 18 horas
GLU-19,GLUCEMIA a las 19 horas
GLU-20,GLUCEMIA a las 20 horas
GLU-22,GLUCEMIA a las 22 HS.
GLU-120M,GLUCEMIA a los 120 minutos
GLU-180M,GLUCEMIA a los 180 minutos
GLU-30M,GLUCEMIA a los 30 minutos
GLU-60M,GLUCEMIA a los 60 minutos
GLU-90,GLUCEMIA a los 90 minutos
CTG,GLUCEMIA CURVA DE
GLU-P,GLUCEMIA POSTPRANDIAL
GAN,GLUCORONIDO de ANDROSTENODIOL
G6G-ERI,GLUCOSA 6 FOSFATODEHIDR.glóbulos
G6S,GLUCOSA 6 FOSFATODEHIDR.suero
G6F,GLUCOSA 6-FOSFATO DEHIDROGEN.serica
GLU-U,GLUCOSA EN ORINA
GLU-U12,GLUCOSA en orina 12 H.
GLD,GLUTAMATO DEHIDROGENASA
AGL,GLUTAMICO ACIDO en PLASMA
GLUT PE,GLUTATION PEROXIDASA
GCT,"GONADOTROFINA CORION,INM.CUANTI"
GCO,GONADOTROFINA CORION.URINARIA TOTAL
GCI,GONOCOCOS POR INMUNOFLUORESCENCIA
GON,"GONOCOCOS,Investigacion de"
GRANULOM,GRANULOMAS
VDK,"GRASAS MAT.FECAL,CUANT.VAN DE K"
GRU,GRUPO SANGUINEO
HP IgA,H PYLARI IgA
HP IgG,H PYLORI IgG
VETHEMP,"H. canis, A. platys, B. vogeli, E. canis - PCR"
HALOP,HALOPERIDOL
HAM T,HAM TEST DE
HAM,HAMBUGER
HAN,HANGER REACCION DE
HANTA G,HANTA VIRUS (IgG) ANTIC.ANTI
HANTA M,HANTA VIRUS (IgM) ANTIC. ANTI-
HAP,"HAPTOGLOBINA,INMUNODIFUSION CUAN"
HIB,HBA-DNA (SLOT BLOT)
HBc ANTI,HBc HEPATITIS B ANTICUERPOS ANTI-CORE
HCV,HCV Ac TOTALES
HCV.,HCV Ac TOTALESquimiolu
HCV G,HCV ANTIC ANTI IgG
HCV GEN,HCV GENOTIPIFICACION
HDLfast,HDL FAST
HPYAg,HELICOBACTER PYLORI Ag MAT FECAL
HPY A,HELICOBACTER PYLORI Elisa IgA
HPY G,HELICOBACTER PYLORI Elisa IgG
HPY M,HELICOBACTER PYLORI Elisa IgM
HPC,HELICOBACTER PYLORI-PCR
HPY,"HELICOBACTER PYLORI, CULTIVO PARA"
HDI,HEMATIES DISMORFICOS
RGO,"HEMATIES,RESISTENCIA GLOB. OSMOT."
HTO,HEMATOCRITO
HH,Hemocromatosis Hereditaria
HMCR,hemocromatosis HFE x3 mut manlab
VETCDS,Hemocultivo (VETERINARIA)
CDSxBRU,HEMOCULTIVO para BRUCELOSIS
HES,HEMOCULTIVO SERIADO
CDS,"HEMOCULTIVO,AEROBIOS Y ANAEROB"
HA1,HEMOGLOBINA A1
HA2,HEMOGLOBINA A2
HGB,HEMOGLOBINA DOSAJE DE
HDH,HEMOGLOBINA ELECTROFORESIS DE
HEF,HEMOGLOBINA FETAL
HFE,HEMOGLOBINA FETAL
HbF,Hemoglobina Fetal
HFE MEC,HEMOGLOBINA FETAL EN MECONIO
HGY,HEMOGLOBINA GLICOSILADA
HGY.,HEMOGLOBINA GLICOSILADA
HGB-L,HEMOGLOBINA LIBRE EN PLASMA
HEMC.,HEMOGRAMA
HEMC,Hemograma
HPX,HEMOPEXINA
HSI,HEMOSIDERINURIA
ANTI Xa,HEPARINEMIA
HAV Ac G,HEPAT. A  ANTIC.ANTI IgG
HAV Ac M,HEPAT. A  ANTIC.ANTI IgM
HBE Ac,HEPAT. B - E  ANTIC.ANTI
HBV-PCR,HEPAT. B ADN PCR
HBC Ac G,"HEPAT. B Ag. CORE, Ac. IgG"
HBC Ac M,"HEPAT. B Ag. CORE, Ac. IgM"
HBS Ac,HEPAT. B Ag. DE SUP  ANTIC.ANTI
HBS Ag,HEPAT. B ANTIG. DE SUP (HBsAg) (Eli
HBE Ag,HEPAT. B ANTIGENO E
HB-CV,HEPAT. B CARGA VIRAL
HBV,HEPAT. B DNA VIRAL por PCR
HBV-CV,HEPAT. B HBV CARGA VIRAL
HBV-ADN,HEPAT. B VIRUS-ADN
HCV M,HEPAT. C ANTIC. ANTI IgM
HCV-LIA,HEPAT. C ANTIC. PRUEBA CONFIR
HCP,HEPAT. C HCV-RNA PCR
HCV-GENO,HEPAT. C HCV-RNA PCR
HCV-PCR,HEPAT. C PCR
HDV,HEPAT. DELTA
HDV M,HEPAT. DELTA CON IGM
HEV,HEPAT. E (HEV) Antic. Anti
HAV/IGG,HEPATITIS A IGG(HAV/IGG)
HBS Ac.,HEPATITIS B Ac SUP.
HBV-CARG,HEPATITIS B CARGA VIRAL DNA
HBSAg.,HEPATITIS B SUPERFICIE ANTIGENO
HCV CV,hepatitis c carga viral
HEP,HEPATOGRAMA
VETHEMP1,Hepatozoon canis + Ehrlichia canis - PCR
VETHZC,Hepatozoon canis PCR
HSV-Ag,HERPES EN H.DE CORNEA
HV1 G,HERPES I ANTIC.ANTI IgG ELISA
HV1 M,HERPES I ANTIC.ANTI IgM ELISA
HV2 G,HERPES II ANTIC.ANTI IgG ELISA
HV2 M,HERPES II ANTIC.ANTI IgM ELISA
HSVqPCR,HERPES SIMPLES qPCR
HSV-Ac,HERPES SIMPLEX Antic.
HV6 IgG,HERPES VIRUS 6 IgG
ARCO5,HIDATIDOSIS Arco 5
HIDA-E,HIDATIDOSIS Equinococcus granulosus ELISA G
HIDA-M,HIDATIDOSIS Equinococcus granulosus ELISA M
HIDA-H,HIDATIDOSIS Equinococcus granulosus HEMAGLUT
HIDA-IF,HIDATIDOSIS Equinococcus granulosus POR IFI
HIDA-WBL,HIDATIDOSIS WESTERN-BLOT
HI5,HIDROXINDOLACETICO ACIDO
HIDPIRE,HIDROXIPIRENO
HID-12,HIDROXIPROLINA  12hs
HID-2,HIDROXIPROLINA en 2 horas
HID,HIDROXIPROLINURIA-24 hs.
HI-U,HIERRO (ORINA)
HI AGUA,HIERRO en agua
FER-B,HIERRO en suevo bovino
FER-AA,HIERRO POR ABSOR. ATOMICA
HIJA,Hija femenino
HIJO,Hijo masculino
TEST HIP,HIPOOSMOTICO TEST
AC HIP,HIPURICO ACIDO
HIT,HISTAMINA
HL5,HISTOCOMPATIBILIDAD Ag DE HLA 5
HLA AB,HISTOCOMPATIBILIDAD Ag HLA AB
HISC,Histocompatibilidad análisis
HISTOP,HISTOPLASMA CAPSULATUM en esputo
HIS,HISTOPLASMA CAPSULATUM IgG
HSM,HISTOPLASMA CAPSULATUM IgM
HIV,HIV (SIDA)
HIV 4TA.,HIV 4TA GENERACION
HIVPROVI,HIV ADN PROVIRAL
HIV 4TA,HIV AG/AC  CUARTA GENERACION
P24 Ag,HIV Antig P24
HIV CV,HIV CARGA VIRAL
HIV RNA,HIV CARGA VIRAL RNA
HIV DNA,HIV DNA PCR
CVH,HIV DNA VIRAL
HIV P24,HIV P24
HIV PCR,HIV RNA PCR cualitativo
HIV-PCR,HIV RNA PCR cualitativo
HIV MURE,HIV Virus Inmunodef.Humana
HIV-WES,HIV WESTERN BLOT
WES-HIV,HIV WESTERN BLOT
HIV-WEST,HIV-WESTERN BLOTT
HLAB5,HLA B5
HLADQA1,HLA DQA1 luminex
HLADQB1,HLA DQB1 luminex
HLAIA,HLA I A luminex
HLAIB,HLA I B luminex
HLAIC,HLA I C luminex
HLA Ac,HLA I- II Ac Específicos
HLADR,HLA II o DR luminex
HLA,HLA-B27
HLA-B27,HLA-B27 ANTIGENO
HLA-DR,HLA-DR por CITOMETRIA DE FLUJO
HLADR-CF,HLA-DR por CITOMETRIA DE FLUJO
HOF,HOFMAN TEST DE
HOMA,HOMA
HMC,HOMOCISTEINA en orina
HMS,HOMOCISTEINA en sangre
AHO,HOMOVANILICO ACIDO
"2TIO4CAR",HORMONA
HAD,HORMONA ANTI DIURETICA
MUL,HORMONA ANTI MULERIANA
ADH,HORMONA ANTIDIURETICA
HE4.,Hormona EPIDIDIMAL HUMANA
MSH.,hormona estimulante melanocitos
HPV Ag,HPV Antigeno (IFDm)
HPVDQ,HPV con DQ
newHPV,HPV deteccion
HPV GEN,HPV GEN
HPV,HPV PCR
vHPV,HPV por PCR
HPV-HIB,HPV-HIBRIDACION IN SITU
HSVMOL,HSV MOL
HSVPCR,HSV PCR
HTL,HTLV 1 y 2
HTLV-1-2,HTLV-1 Ac.
HTLV-2,HTLV-2 Ac.
HU2,HUDDLESSON con 2 MERCAPTO
HUD,HUDDLESSON REACCION DE
IDE,IDENTIFICACION SEROLOGICA GERMEN
IgA LAG,IGA EN LAGRIMAS
IGAL-LCR,IGA En LCR
IAM,IGA en MOCO
IGA NASA,IGA en secrecion nasal
IAS,IGA secretora
IGA.,IGA TOTAL
IGA T,IgA TOTAL
IGD,IGD cadena DELTA
IGE,IGE
IGE COR,IGE CORDON
IEL,IGE en LAGRIMA
IGE LAG,IGE en LAGRIMA
IgE Lagr,IgE enLágrimas
R KIWI,IGE ESPECICIFICA KIWI
R ABEJA,IGE ESPECIFICA ABEJA
R ACARO,IGE ESPECIFICA ACAROS
R A-SIRO,IGE ESPECIFICA ACARUS SIRO
R AJI,IGE ESPECIFICA AJI COLORADO
R ALAMO,IGE ESPECIFICA ALAMO
R A LACT,IGE ESPECIFICA ALFA-LACTOALBUMINA
R ALGO,IGE ESPECIFICA ALGODON
R ALMEN,IGE ESPECIFICA ALMENDRAS
R ALTER,IGE ESPECIFICA ALTERNARIA
R AMARA,IGE ESPECIFICA AMARANTUS
R AMBRO,IGE ESPECIFICA AMBROSIA
R AMOXI,IGE ESPECIFICA AMOXICILINA
R ARBOL,IGE ESPECIFICA ARBOL
R ARBUST,IGE ESPECIFICA ARBUSTO
R ARCE,IGE ESPECIFICA ARCE
R ASP-NI,IGE ESPECIFICA ARPERGILLUS NIGER
R ARTEMI,IGE ESPECIFICA ARTEMISA
R ASPER,IGE ESPECIFICA ASPERGILLUS
R ASP-FL,IGE ESPECIFICA ASPERGILLUS FLAVUS
R ASP-FU,IGE ESPECIFICA ASPERGILLUS FUMIGATUS
R AVENA,IGE ESPECIFICA AVENA
R AVISPA,IGE ESPECIFICA AVISPA
R BANANA,IGE ESPECIFICA BANANAS
R B LACT,IGE ESPECIFICA BETA-LACTOGLOBULINA
R BROMUS,IGE ESPECIFICA BROMUS
R CACAO,IGE ESPECIFICA CACAO
R CAMAR,IGE ESPECIFICA CAMARON
R CANDI,IGE ESPECIFICA CANDIDA ALBICANS
R CARDO,IGE ESPECIFICA CARDO
R BOVI-C,IGE ESPECIFICA CARNE BOVINA
R CERDO,IGE ESPECIFICA CARNE de CERDO
R VACA C,IGE ESPECIFICA CARNE DE VACA
R CASEIN,IGE ESPECIFICA CASEINA
R PER-C,IGE ESPECIFICA CASPA DE PERRO
R CEBADA,IGE ESPECIFICA CEBADA
R CEBADI,IGE ESPECIFICA CEBADILLA
R CEFAL,IGE ESPECIFICA CEFALOSPORINA
R CENTEN,IGE ESPECIFICA CENTENO
R CEREAL,IGE ESPECIFICA CEREAL
R CHOCO,IGE ESPECIFICA CHOCOLATE
R CITRIC,IGE ESPECIFICA CITRICOS
R CLADO,IGE ESPECIFICA CLADOSPORIUM
R H-CLAR,IGE ESPECIFICA CLARA DE HUEVO
R COMPU,IGE ESPECIFICA COMPUESTOS
R CUCARA,IGE ESPECIFICA CUCARACHA
R CYNO,IGE ESPECIFICA CYNODON
R DER FA,IGE ESPECIFICA DERMATOFAGOIDES farinae
R DER PT,IGE ESPECIFICA DERMATOFAGOIDES PTERONYSSINUS
R DURAZ,IGE ESPECIFICA DURAZNO
R CAB-E,IGE ESPECIFICA EPITELIO DE CABALLO
R CON-E,IGE ESPECIFICA EPITELIO DE CONEJO
R GATO-E,IGE ESPECIFICA EPITELIO DE GATO
R PER-E,IGE ESPECIFICA EPITELIO DE PERRO
R VACA-E,IGE ESPECIFICA EPITELIO DE VACA
R GRAMI,IGE ESPECIFICA ESPECIFICO GRAMINEAS
R EUCAL,IGE ESPECIFICA EUCALIPTUS
R FRESNO,IGE ESPECIFICA FRESNO
R FRUTI,IGE ESPECIFICA FRUTILLAS
R-RAST,IGE ESPECIFICA FUERA CONV.
R GIRAS,IGE ESPECIFICA GIRASOL
R GLUTEN,IGE ESPECIFICA GLUTEN
R GRA-MA,IGE ESPECIFICA GRAMA MAYOR
R GRA-ME,IGE ESPECIFICA GRAMA MENOR
R HARINA,IGE ESPECIFICA HARINA
R HONGOS,IGE ESPECIFICA HONGOS
R HO-COL,IGE ESPECIFICA HORMIGA COLORADA
R HO-NE,IGE ESPECIFICA HORMIGA NEGRA
R HUEVO,IGE ESPECIFICA HUEVO
R INSU,IGE ESPECIFICA INSULINA
R I-BOVI,IGE ESPECIFICA INSULINA BOVINA
R I-POR,IGE ESPECIFICA INSULINA PORCINA
R LACTOA,IGE ESPECIFICA LACTOALBUMINA
R LACTOG,IGE ESPECIFICA LACTOGLOBULINA
R LACTOS,IGE ESPECIFICA LACTOSA
R LANA,IGE ESPECIFICA LANA
R LATEX,IGE ESPECIFICA LATEX
R LECHE,IGE ESPECIFICA LECHE
R LEVAD,IGE ESPECIFICA LEVADURA
R LIGUS,IGE ESPECIFICA LIGUSTRU
R LOLLU,IGE ESPECIFICA LOLLIUM
R MAIZ,IGE ESPECIFICA MAIZ
R MANDA,IGE ESPECIFICA MANDARINA
R MANI,IGE ESPECIFICA MANI
R MANZAN,IGE ESPECIFICA MANZANA
R MARIS,IGE ESPECIFICA MARISCOS
R MAYONE,IGE ESPECIFICA MAYONESA
R MERLUZ,IGE ESPECIFICA MERLUZA
R MOSQUI,IGE ESPECIFICA MOSQUITO
R MUCOR,IGE ESPECIFICA MUCOR
R NARAN,IGE ESPECIFICA NARANJA
R NUEZ,IGE ESPECIFICA NUEZ
R OLMO,IGE ESPECIFICA OLMO
R O-ETIL,IGE ESPECIFICA OXIDO de ETILENO
R PARAIS,IGE ESPECIFICA PARAISO
R PER-P,IGE ESPECIFICA PELO de PERRO
R PEN-I,IGE ESPECIFICA PENICILINA INYECTABLE
R PEN-O,IGE ESPECIFICA PENICILINA ORAL
R PEN,IgE especifica Penicillium
R PEN-NO,IGE ESPECIFICA PENICILLIUM NOTATUM
R PESCA,IGE ESPECIFICA PESCADO
R PIM-B,IGE ESPECIFICA PIMIENTA BLANCA
R PINO,IGE ESPECIFICA PINO
R PLATAN,IGE ESPECIFICA PLATANOS
R PLUMAS,IGE ESPECIFICA PLUMA
R GANSO,IGE ESPECIFICA PLUMA DE GANSO
R POA P,IGE ESPECIFICA POA
R POLEN,IGE ESPECIFICA POLEN
R POLLO,IGE ESPECIFICA POLLO
R POLVO,IGE ESPECIFICA POLVO AMBIENTAL
R QUENO,IGE ESPECIFICA QUENOPODIO
R QUESO,IGE ESPECIFICA QUESO
R RAYGRA,IGE ESPECIFICA RAYGRASS
R GATO-S,IGE ESPECIFICA SALIVA de GATO
R SAUCE,IGE ESPECIFICA SAUCE
R SOJA,IGE ESPECIFICA SOJA
R SORGO,IGE ESPECIFICA SORGO
R SULFAM,IGE ESPECIFICA SULFAMIDA
R-SULXAZ,IGE ESPECIFICA SULFOMETOXAZOL
R TABACO,IGE ESPECIFICA TABACO
R TABANO,IGE ESPECIFICA TABANO
R TILO,IGE ESPECIFICA TILO
R TOMATE,IGE ESPECIFICA TOMATE
R TOXOID,IGE ESPECIFICA TOXOIDE TETANICO
R TRICOF,IGE ESPECIFICA TRICOFITON
R TRIGO,IGE ESPECIFICA TRIGO
R MOSQU,IGE ESPECIFICA VENENO MOSQUITO
R H-YEMA,IGE ESPECIFICA YEMA de HUEVO
IGe,IGE ESPECIFICAS c/u
IGE.,IGE TOTAL
IGF-I,IGF-I   -  SOMATOMEDINA C
IGFBP-3,IGFBP-3 PROTEINA LIGADORA DE IGF1
IGFBP-3.,IGFBP-3 PROTEINA LIGADORA DE IGF1
IG1,IGG SUB CLASE 1
IG2,IGG SUB CLASE 2
IG3,IGG SUB CLASE 3
IG4,IGG SUB CLASE 4
IGM,IGM cadena MU
Igm,IGM en liqu.cefalorr.
IMI,IMIPRAMINA
TROMB-IN,INDICE DE INHIBICION DE LA TROMBOPLASTINA TISULAR
PEROXIDO,INDICE DE PEROXIDO
IPOR,INDICE DE PORFIRINAS PLASMATICAS
TTR IN,INDICE DE TROMBOPLASTINA TISULAR
IND IGG,INDICE IGG LCR-SUERO
Ind K/L,Indice kappa-Lambda
INDICE,INDICE MECONIAL
TIBC,INDICE TIBC
INDIV,individuo en tpificacion de ADN
EXTRAIN,individuo repetido adn OJO
INFL-A,INFLUENZA A ANTIC.ANTI IgM
INF A SB,INFLUENZA A Antig con Ac monoclonal
INFAag,Influenza A antígeno IFD
INFAPCR,Influenza A PCR
INFLUB-G,INFLUENZA B ANTIC.ANTI IgG
INFLUB-M,INFLUENZA B ANTIC.ANTI IgM
INF B SB,INFLUENZA B Antig con Ac monoclonal
INFBag,Influenza B antígeno IFD
INFBPCR,Influenza B PCR
INFL-B,INFLUENZA B VIRUS  Ac.anti (IgG)
ILUPI,INHIBIDOR LUPICO
PROS TLC,INHIBIDORES NATURALES de la COAGUL.
INH B,INHIBINA B
IBE,INMUNO BEADS DIRECTO -
IBE A,INMUNO BEADS DIRECTO - IgA
INMUNOB.,INMUNO BEADS INDIRECTO
INMUNOBA,INMUNOB IgA
IBE M,INMUNOBEADS DIRECTO - IgM
CIC,INMUNOCOMPLEJOS CIRCULANTES
IFC,INMUNOELECTR.DE LIQUIDO BIOLOG.
IEF LCR,INMUNOELECTROFORESIS en LCR
IEO,INMUNOELECTROFORESIS orina
IEF,INMUNOELECTROFORESIS suero
INMUNOSP,INMUNOFENOTIPIFICACION SANGRE PERIFÉRICA
INM,INMUNOFENOTIPO EN LEUCEMIAS
INMU-ORI,INMUNOFIJACION EN ORINA
IFO,INMUNOFIJACION EN ORINA
INF,INMUNOFIJACION en suero
IGAO,INMUNOGLOBULINA A en orina
IGAS,INMUNOGLOBULINA A en SEMEN
IEs,INMUNOGLOBULINA E (IgE) en saliva
IGE NASA,INMUNOGLOBULINA E (IgE) NASAL
IGG,Inmunoglobulina G
IGG LCR,INMUNOGLOBULINA G en LCR
IGGO,INMUNOGLOBULINA G en orina
IGGS,INMUNOGLOBULINA G en SEMEN
IgM,INMUNOGLOBULINA M
IGMO,INMUNOGLOBULINA M en orina
INM-TIP,INMUNOTIPIFICACION POR CIT.FLUJO
INSU-120,Insulina  120 minutos
VETINS,Insulina (VETERINARIA)
INSU-60,INSULINA a los 60 minutos
INSU-90,INSULINA a los 90 minutos
INSU,INSULINA SERICA
IFNG,INTERFERON GAMMA
Inter,Interpretación
INTER,interpretacion
IODO-AZ,IODO AZIDA
ION,IONOGRAMA PLASMATICO
IOU,IONOGRAMA URINARIO
IOU12,IONOGRAMA URINARIO 12HS
IOu,Ionograma urinario(Ocacional)
VETION,IONOGRAMA VETERINARIO
ICD,ISOCITRICO DEHIDROGENASA
ISOHEM,ISOHEMOAGLUTININA (Aglutinina ABO)
JAK2E12,JAK2 exon 12
vJAK2V6F,Jak2 SSP
JAK2V617,JAK2 V617F HMR
KPTT,KPTT
K-ras,Kras
KRUGER,KRUGER
LACOS,Lacosamida
ACLAC,LACTATO EN PLASMA
ACL ORI,LACTICO ACIDO en orina
ACL,LACTICO ACIDO ENZIMATICO
ACL P,LACTICO ACIDO ENZIMATICO post EJERCICIO
LD5,LACTICO DEHIDROGENASA  ISOENZIMAS 1-5
LDHI,LACTICO DEHIDROGENASA ISOENZIM
LD1,LACTICO DEHIDROGENASA Isoenzima 1
LDH,LACTICO DEHIDROGENASA LDH
LAG,Lágrimas de suero autólogo
LAM,LAMOTRIGINA
VETBAL,Lavado broncoalveolar (VETERINARIA)
LAZ,"LAZO,PRUEBA DEL"
LECHE MA,LECHE MATERNA
LPN G,LEGIONELLA PNEUMOPHILA - ANTIC. IgG
LPN M,LEGIONELLA PNEUMOPHILA - ANTIC. IgM
FVL,Leiden factor V
LEIDEN,"LEIDEN,Factor de (POR PCR)"
VETLEI,Leishmaniosis canina IFI (VETERINARIA)
LEIS,LEISMANIASIS
LEPTOS,LEPTOSPIROSIS
LEPTOSP,LEPTOSPIROSIS
LEO,LEPTOSPIROSIS en orina
LEPM,LEPTOSPIROSIS SEROLOGIA para  IgM
LAP,LEUCINAMINOPEPTIDASA
LMOC,LEUCOCITOS EN M. NASAL
LMF,LEUCOCITOS EN MATERIA FECAL
LEU MOC,LEUCOCITOS EN MOCO NASAL Rec de
LEV,LEVETIRACETAM
ALA,LEVULINICO DELTA AMINO ACIDO
DALD IN,LEVULINICO DELTA AMINO DEHID.
LH-120,LH a los 120 minutos
LH-20,LH a los 20 minutos
LH-25,LH a los 25 minutos
LH-L30,LH a los 30 min.post LUTEOLIBERINA
LH-30,LH a los 30 minutos
LH-40,LH a los 40 minutos
LH-45,LH a los 45 minutos
LH-L60,LH a los 60 min.post LUTEOLIBERINA
LH-60,LH a los 60 minutos
LH-90,LH a los 90 minutos
LH,LH HORMONA LUTEOTROFICA
TEST LI,LILEY TEST DE
LINFOTOT,LINFO TOTALES
LIN,LINFOCITOCIDAD TEST DE
LIB,LINFOCITOS B
CD 56 NK,Linfocitos CD 56 Natural Killer
LNT,LINFOCITOS T
LT TCR,LINFOCITOS T TCR ALFA- BETA/GAMA-DELTA
LT DN,LINFOCITOS T TCR ALFA-BETA DOBLES NEGATIVOS
LIO,LIPASA en orina
LIS,LIPASA en sangre
LIS-C,LIPASA SERICA CANINA
VETLIP,LIPASA SERICA VETERINARIA
LIG.,LIPIDOGRAMA
LIG,LIPIDOGRAMA ELECTROFORETICO
vLPA,LIPOPROTEINA A
LPA,LIPOPROTEINA A
LCR,LIQUIDO CEFALORRAQUIDEO
LIQ LCR,LIQUIDO LCR
EUG-LISI,LISIS DE EUGLOBULINAS
LISTERIA,LISTERIA
LISTE,LISTERIA ANTIC TOTALES
LSG,LISTERIA ANTIC.ANTI IgG ELISA
LSM,LISTERIA ANTIC.ANTI IgM
LSF,LISTERIA EN FLUJO
RICOTTA,LISTERIA EN RICOTA
LIM,LISTERIA MONOCITOGENES
LII,LISTERIAS POR INMUNOFLUORESC.
LR2,Litiasis renal (t/pract.s/oxa y cit
LR3,LITIASIS RENAL 3/4
LR4,LITIASIS RENAL 4/4
LIT.,LITIO
LITAS,LITIO DESAJE DE por AA
LIT,LITIO PLASMATICO
LOR,LORAZEPAN
LSD,LSD - ACIDO LISERGICO en ORINA
MAC,"MAC LAGAN,REACCION DE"
MPL,Macro Prolactina
A2M,"MACROGLOBULINA ALFA2,INMUNODIF."
MPL.,MACROPROLACTINA.
MADRE,Madre
MGS-VA,MAGNESIO en HUMOR VITREO
MG-U,MAGNESIO EN ORINA
MGU02,MAGNESIO en orina de 2 hs
MGS,MAGNESIO en sangre
VETMGS,MAGNESIO SERICO VETERINARIA
MDH,MALICO DEHIDROGENASA
AMANDE,MANDELICO ACIDO
MGNSO,MANGANESO
MGNSO.,MANGANESO
PPD,MANTOUX INTRADERMORREACCION
MAO PLAQ,MAO PLAQUETARIA (MONOAMINOOXIDASA)
MAR,MAR-TEST
MAR-IND,MAR-TEST INDIRECTO
MARIH,Marihuana en orina
MEL,MELANINA en orina
MER,MERCURIO
MER.,MERCURIO
Mer,MERCURIO DOSAJE DE
MHE,METAHEMOGLOBINA
MET,METANEFRINA en orima
VETMET,METANEFRINAS PLASMÁTICAS VETERINARIA
MET TOT,METANEFRINAS TOTALES URINARIAS
AC METIL,METIL HIPURICO ACIDO  en ORINA
REL MIA,MICOALBUMINURIA / CREATINURIA  RELACION
ARRAY,micoarray 1.8
MICO,Micologico
VETMICO,Micológico (VETERINARIA)
DIRET,Micologico solo directo
VETDIRET,Micológico solo directo (VETERINARIA)
MYU,MICOPLASMA
MYT,MICOPLASMA UREALITICUM
ABS,MICRO ABSCESO DIRECTO
L-AMN,MICRO AMNIOTICO LIQUIDO DIR
L-AMN-FQ,MICRO AMNIOTICO LIQUIDO DIR + FIS -QUIM
P-AMPO,MICRO AMPOLLA PUNCIÓN DE
ANA,MICRO ANAEROBIOS BUSQUEDA DE
L-ASC-FQ,MICRO ASCITICO LIQUIDO DIR + FIS - QUIM
L-ASC,MICRO ASCITICO LIQUIDO DIRECTO
BAT,MICRO BACTERIOLOGICO con cultivo
BAD,MICRO BACTERIOLOGICO de DIALISIS
BACTE F,MICRO BACTERIOLOGICO Mat - flora
L-BIL-FQ,MICRO BILIAR LIQUIDO DIR + FIS -QUIM
L-BIL,MICRO BILIAR LIQUIDO DIRECTO
BIOP,MICRO BIOPSIA MATERIAL DE
L-BRO,MICRO BRONQUIAL LAVADO
CATETER,MICRO CATETER CULTIVO DE
CEPA,MICRO CEPA IDENTIFICACIÓN DE
H-CONJ,MICRO CONJUNTIVAL HISOPADO (Secreción)
H-CORN,MICRO CORNEA HISOPADO
CHO,MICRO CULTIVO E IDENTIF. DE HONGOS
ENTE-VR,MICRO ENTEROCOCOS VANCOMICINA RESIST.
EOS-B,MICRO EOSINOFILOS BUSQUEDA DE
S-ECO,MICRO ESCHERICHIA COLI O157 ID. SEROLOGICA
ESP-BAC,MICRO ESPERMA BACTERIOL. DIR.
BDE,MICRO ESPUTO BACTERIOLOGICO DE
H-FAU,MICRO FAUCES HISOPADO DE
TID,"MICRO FAUCES,TEST RAPIDO"
GERMEN,MICRO GERMEN IDENTIF. SEROLOGICA DEL
H-HER,MICRO HERIDA HISOPADO DE
P-HER,MICRO HERIDA PUNCION DE
HUE,MICRO HUESO EX. BACTERIOLOGICO
H-LEN,MICRO LENGUA HISOPADO DE
RDL,MICRO LEVADURAS RECUENTO DE EN MAT. F.
LIQUIDO1,MICRO LIQ.PLEURAL O SINOVIAL
LIQUIDO2,MICRO LIQ.PLEURAL O SINOVIAL
BAT-FQ,MICRO LIQ.PLEURAL O SINOVIAL F-Q
LIQ ASCI,MICRO LIQUIDO ASCITICO
LIQ PER,MICRO LIQUIDO ASCITICO (PERITONEAL)
LIQ ART,MICRO LIQUIDO SINOVIAL  (ARTICULAR)
LISTE C,MICRO LISTERIA spp. BUSQUEDA DE
MIC,MICRO MICOSIS PROFUNDAS EXAMEN
MIS,MICRO MICOSIS SUPERFICIALES EX.
MCE,MICRO MOCO CERVICAL EXAMEN BACTERIOL.
MOHO,MICRO MOHO IDENTIFICACION DE
MYTU,MICRO MYCOPLASMA UREAPLASMA
H-NAS,MICRO NASAL HISOPADO
S-NASO,MICRO NASO FARINGEA SECRECION
NEIS MEN,MICRO NEISSERIA MENINGITIS INVEST.DE
S-OIDO,MICRO OIDO SECRECION DE
ORG-BAC,MICRO ORGANO EX. BACTERIOLOGICO
ORGANO,MICRO ORGANO MATERIAL DE BACTERIOLOGICO
PELO,MICRO PELO EX. BALTERIOL
PIEL-BAC,MICRO PIEL EX. BACTERIOL.
PIEL-MIS,MICRO PIEL MICOLOGIA SUPERFICIE
L-PLE-FQ,MICRO PLEURAL LIQUIDO DIR. + FIS - QUIM
L-PLE,MICRO PLEURAL LIQUIDO DIRECTO
PROTESIS,MICRO PROTESIS MATERIAL DE BACTERIOLOGICO
L-PUN,MICRO PUNCION LIQUIDO DE
H-REC,MICRO RECTAL HISOPADO
L-SIN-FQ,MICRO SINOVIAL LIQUIDO DIR. + FIS-QUIM
L-SIN,MICRO SINOVIAL LÍQUIDO DIRECTO
SAUR,MICRO STAFILOCOCO  AUREUS BUSQUEDA
SBB,MICRO STREPTOCOCO Beta HEMOL GRUPO B
SSB,MICRO STREPTOCOCO BETA HEMOL. Gr B. AGALCTEAE
H-ULCE,MICRO ULCERA DE PIEL EX. BACTERIOL.
U�A-BAC,MICRO UÑA EX. BACTERIOL.
U�A-MIS,MICRO UÑA MICOLOGIA SUPERFICIE
VIR,MICRO VIROLOGICO EXAMEN
ALB/ CRE,Microalbuminuria ORINA AL AZAR
AZF,Microdeleciones cromosoma Y
MTA,MICROHEMAGLUTINACION TREPONEMICA
MIE,MIELOPEROXIDASA
MIO-U,MIOGLOBINA en orina
MIO,MIOGLOBINA en sangre
CMC,"MOCO CERVICAL,CRISTALIZACION DE"
MOCOMF,MOCO en MATERIA FECAL
MOC,"MOCO NASAL,Ph Y CITOLOGICO"
MODY,MODY2 glucoquinasa
MoM,MoM corregido
MoM FB,MoM FREE BETA
FARMACOS,MONITOREO FARMACOS ENF.CRONICAS
MONOTEST,MONONUCLEOSIS MONOTEST
MEA,MOSAICO PARA ENCEFALITIS AUTOINMUNE
MTHFR,"MTHFR variantes  C677T, A1298C"
MUCOPOLI,MUCOPOLISACARIDOS en ORINA
MUO,MUCOPOLISACARIDOS en orina
MUC,MUCOPROTEINAS
MUE,muestra tipo
MUT,mutacion puntual sanger
PCR-KOCH,MYCOBACTERIUM TUBERCULOSIS(PCR)
MYC GAL,MYCOPLASMA GALLISEPTICUM
MGEN,Mycoplasma genitalium PCR
MYHO M,MYCOPLASMA HOMINIS Ac. IGM
MYCPCR,Mycoplasma hominis PCR
MHM,Mycoplasma molecular
MINE FC,MYCOPLASMA PNEUM. (PPLO) Ac Fij. de Comp.
MINE G,MYCOPLASMA PNEUM. (PPLO) Ac IgG
MINE M,MYCOPLASMA PNEUM. (PPLO) Ac IgM
MINE Ag,MYCOPLASMA PNEUM. (PPLO) ANTIGENO
N AH CIS,N-ACETIL 2 HIDROXIETIL CISTINA
NTX,N-Telopeptidos
DIM,"N,N-DIMETILTRIPTAMINA"
NBT,NBT-Test del NITRO BLUE TETRAZOLIUM
NEF,NEFA-ACIDOS GRASOS NO ESTERIF.
GONO,Neisseria gonorrhoeae molecular
GONPCR,Neisseria gonorrhoeae PCR
HPN,NEONATAL 17-HIDROXIPROGESTERONA
BIN,NEONATAL BIOTINIDASA
GLN,NEONATAL GALACTOSA
TRY,NEONATAL TRIPSINA INMUNOREACTIVA
TSN,NEONATAL TSH
nHPV,new HPV
nTIPH,new TIPH
NICO,NICOTINA - COTININA en Orina
NIETA,Nieta
NIQUEL O,NIQUEL en ORINA
NIQUEL,NIQUEL en suero
NTA,NITRATOS en agua
NTZ,NITRAZEPAN
NTI,NITRITOS en agua
TNBT,NITRO BLUE TETRAZOLIUM TEST DEL
NRO,NORADRENALINA en orina
NOA,NOREPINEFRINA (NORADRENALINA PLAS.)
NOF,NORMETANEFRINA en orina
NTR,NORTRIPTILINA
vNOT,NOTA
NOTA,Nota
NOTE,Nota en ingles
NOTAHPV,Nota para biopsias de piel
nwHPV,nuevo new HPV en proceso
VETTINT,Observación tinta china (VETERINARIA)
ORI,ORINA COMPLETA
UPM,orina primera miccion
OMB,ORTHO METIL BUFOTENINA
OSM24,OSMOLALIDAD 24HS
OSMO,OSMOLALIDAD en orina
OSU,OSMOLALIDAD en orina
OSM10,OSMOLALIDAD en orina de 10 hs.
OMS9,OSMOLALIDAD en orina de 9 hs.
OSM,OSMOLALIDAD en suero
OST,OSTEOCALCINA
OXA,OXALICO ACIDO  en orina
OXA2,OXALICO ACIDO  en orina de 2 hs.
OXA-S,OXALICO ACIDO  en sangre
OXALICO,OXALICO ACIDO en suero
OXC,OXCARBAZEPINA
OXC-18,OXCARBAZEPINA como Monohidroxi 18hs
OXC-POST,OXCARBAZEPINA POST
PO2,OXIGENO SANGRE (PO2)
PINOB,P INMUNOFENOTIPICO
HOFENOL,p-HIDROXI FENOL
PH AGUA,P.H. en AGUA
PH VACA,P.H. en CONTENIDO RUMINAL
PH FV,P.H. en FLUJO VAGINAL
P53,p53 inmunohistoquímica
PADRE,Padre alegado
PAI4G5G,PAI genetico
PAI-1,PAI-1
CAH67,Panel ca hereditario ampliado 67G
"21 OHLAS",PANEL DE ENFERMEDADES HEPATICAS
GANGLI,PANEL DE GANGLIOSIDOS
P HEPAT,PANEL ENFERMEDADES HEPATICAS AUTOINMUNES
ESPG,Panel esclerosis sistemica IgG
LSDM10,Panel hiperoxaluria primaria (3 genes)
LSDM2,Panel polineuropatías (104 genes). NGS
PAP-A,PAP-A
PAP-A-R,PAP-A (ROCHE)
PAP,Papanicolaou
PAPIPCR,PAPILOMA VIRUS HUMANO (HPV)
PAPIDNA,PAPILOMA VIRUS HUMANO DNA
PAF,PARA-AMINOFENOL en orina
PARA 123,"PARAINFLUENZA 1, 2 y 3  Antigenos"
PARA M,PARAINFLUENZA ANTIC C/M
PARA Ac,PARAINFLUENZA ANTICUERPO C/IGG
PARA Ag,PARAINFLUENZA Antigeno
PAR-EAN,PARASITOLOG. y ESCOB.ANAL
PAREAN,PARASITOLOGICO y ESCOBILLADO
MFO,PARASITOS en orina
RPS,"PARASITOS SUPERIORES,MAT.FECAL"
PTH,PARATHORMONA
PTH-M,PARATHORMONA -Molecula Media-
PTH-LP,PARATHORMONA en liq. pleural
PTH-MR,PARATHORMONA MOLECULA MEDIA RIE
PARCIAL,parcial resultados bacterio
PARO G,PAROTIDITIS ANTIC.ANTI IgG
PARO M,PAROTIDITIS ANTIC.ANTI IgM
PPV,PARVOVIROSIS PORCINA
PARVO G,PARVOVIRUS ANTIC.ANTI IgG
PARVO M,PARVOVIRUS ANTIC.ANTI IgM
pCO,pCO2 PRESION PARCIAL DE CO2
PENFIGO,PENFIGO
PEN,PENICILINA
Pme,PENICILIUM NOTATUM
PCFENOL,PENTACLOROFENOL
PEC.,"PEPTIDO ""C"""
PCG,"PEPTIDO ""C"" - Glucagon"
PEC18,"PEPTIDO ""C"" 18hs"
PEO,"PEPTIDO ""C"" en orina"
PEC,"PEPTIDO ""C"" en suero"
PECPP,"PEPTIDO ""C"" post prandial"
BNP,Peptido natriuretico cerebral
PINMUN,PERFIL INMUNOFENOTIPICO
VETPLP,PERFIL LIPIDICO veterinaria
PLP,PERFIL LIPOPROTEICO
PH,pH EN MATERIA FECAL
PHU,Ph EN ORINA
PHS,Ph EN SANGRE
PB,Pigmentos Biliares
Pir,PIRIDINOLINA
PLA,Plaquetas recuento
RPQ,"PLAQUETAS,RECUENTO DE"
HOW,PLASMA RECALCIFICADO-HOWELL
PRP,plasma rico en plaquetas
PLEURAL,PLEURAL
PBU,PLOMO
PBS,PLOMO en sangre
PN CARIN,PNEUMOCYSTIS CARINI INVEST.DE
PORFI,PORFIRINAS EN SANGRE
PORFI-U,PORFIRINAS URINARIAS
PBG,PORFOBILINOGENO en ORINA
PORFO,PORFOBILINOGENO en orina
KAS,POTASEMIA
KASAS,POTASIO DOSAJE DE
Kas,POTASIO en agua
KAU02,POTASIO en orina de 2 horas
KAU,POTASURIA
OTRO,Práctica adicional (especificar)
PRW,Prader Willi Angelman MS-MLPA
PREALB,PREALBÚMINA
PG2,PREGNANODIOL
PG3,PREGNANOTRIOL
NIPT,Prenatal no invasivo
PRENAT,prenatal screening bioquimico
PRI,PRIMIDONA
PRO BNP,PRO BNP
PCA,PROCALCITONINA
PG.,PROGESTERONA
PG-1,PROGESTERONA a la hora
PG-30,PROGESTERONA a los 30 minutos
PG,PROGESTERONA PLASMATICA
PG-C,PROGESTERONA PLASMATICA(canino)
VETPG,PROGESTERONA VETERINARIA
PL,PROLACTINA
PL-10,PROLACTINA a las 10hs
PL-11,PROLACTINA a las 11 hs
PL-12,PROLACTINA a las 12 hs.
PL-16SIG,PROLACTINA a las 16 hs.dia siguiente
PL-17,PROLACTINA a las 17 Hs.
PL-18,PROLACTINA a las 18 hs
PL-2,PROLACTINA a las 2 hs.
PL-8,PROLACTINA a las 8 Hs.
PL-8:30,PROLACTINA a las 8:30 Hs
PL-9,PROLACTINA a las 9 hs
PL-15,PROLACTINA a los 15 min.
PL-15M,PROLACTINA a los 15 minutos
PL-20,PROLACTINA a los 20 minutos
PL-25M,PROLACTINA a los 25 minutos
PL-3M,PROLACTINA a los 3 minutos
PL-30M,PROLACTINA a los 30 minutos
PL-40,PROLACTINA a los 40 minutos
PL-45,PROLACTINA a los 45 minutos
PL-60,PROLACTINA a los 60 minutos
PL-90,PROLACTINA a los 90 minutos
PL-MAC,PROLACTINA MACRO
PL-M2,PROLACTINA muestra 2
PL-M3,PROLACTINA muestra 3
PL-M4,PROLACTINA muestra 4
PL-POOL,PROLACTINA POOL de
PL-TRH13,PROLACTINA post 13' TRH
PL-TRH20,PROLACTINA post 20' TRH
PL-V,PROLACTINA VESPERTINO
PROCOL1,PROPEPTIDO DE COLAGENO TIPO1
PRO BA M,PROTEINA BASICA DE MIELINA (LCR)
PROT CC,PROTEINA C CROMOGENICA
PROT C,PROTEINA C FUNCIONAL
PCR,PROTEINA C REACTIVA
PCR-U,PROTEINA C REACTIVA  ULTRASENSIBLE
PROT C-I,PROTEINA C- INMUNOLOGICO
HE4,Proteina epididimal humana
PROS L,PROTEINA S LIBRE
PROS STC,PROTEINA S TOTAL  Y C FUNCIONA
PROT S,PROTEINA S TOTAL FUNCIONAL
PRO SOJA,PROTEINAS en harina de soja
Pro,Proteinas en Iiq. Seminal
PRO LCR,PROTEINAS en Liq.CEFALORRAQUIDEO
PRO,PROTEINAS TOTALES
VETPROT,PROTEINAS TOTALES
PRu,PROTEINAS URINARIAS  DOSAJE DE 12 HS
PRU,PROTEINAS URINARIAS 12/24 hs
PTG,PROTEINOGRAMA
PTL,PROTEINOGRAMA - LCR
PT LIQ,PROTEINOGRAMA EN LCR
PTO,PROTEINOGRAMA LIQ. BIOL.
VETPTG,PROTEINOGRAMA VETERINARIA
PRU-12HS,PROTEINURIA EN 12 HS
PRO/CRE,PROTEINURIA ORINA AL AZAR
Pmf,PROTIDOS en materia fecal
ONCOGEN,PROTO-ONCOGEN RET
PROTOS,PROTOPORFIRINAS
PTB,protrombina 20210 real time
PRT,protrombina G20210A sanger
LUCI,prueba
ZZZ,prueba
TAN Ac,PRUEBA DE Ac. ANTI-TOXOIDE TET
NEUTX Ac,PRUEBA DE Ac.ANTI-STREPTOCOCO
ETS,PRUEBA DE ESTIMULO DE TESTOSTE
PET,PRUEBA DE ESTIMULO DE TSH
PIP,PRUEBA DE INHIBICION DE PRL
PIT,PRUEBA DE INHIBICION DE TSH
RPQ NEU,PRUEBA DE NEUTRALIZACION CON PLAQUETAS
GRASA-P1,PRUEBA DE TOL.GRASA DE UN DIA
GRASA-P,PRUEBA DE TOLERANCIA GRASA
CTR3M,Prueba del Cortisol Plasm.(3muestra
HGH-GLU,PRUEBA ESTIM.HIPOFIS.(HGH)
TSU-TRH,PRUEBA ESTIM.HIPOFIS.(TSU)
E2-HCG,PRUEBA ESTIMULACION GONADAL
TES-2-4,PRUEBA ESTIMULACION GONADAL
TES-HCG,PRUEBA ESTIMULACION GONADAL
PG-ACTH3,PRUEBA ESTIMULACION PROGESTERO
FSH-LUT,PRUEBA ESTIMULO post LUTEOLIBE
LH-LUT,PRUEBA ESTIMULO post LUTEOLIBE
PSA_L,PSA LIBRE
CHE,PSEUDOCOLINESTERASA
psecolin,Pseudocolinisterasa
PSICOFAR,PSICOFARMACOS INVEST.DE
QIM-C,QUIMIOTRIPSINA en MATERIA FECAL
QIM,QUIMOTRIPSINA en materia fecal
RAGOCITO,RAGOCITOS INVEST.DE
RAN,RAN SOD
AVELLANA,RAST AVELLANA
Rast Lec,Rast Especifica para leche
REA,RAST ESPECIFICO AMOXICILINA
REAMOX,RAST ESPECIFICO AMOXICILINA
RAST CEF,RAST ESPECIFICO CEFALEXINA
RECEF,RAST ESPECIFICO CEFALEXINA
RESPCEF,RAST ESPECIFICO CEFALEXINA
ALT,Rast especifico para alternaria
AMOXI,RAST especifico para AMOXICILINA
R BLOMIA,RAST especifico para BLOMIA Tropicalis
CLA,Rast especifico para cladosporium
DER,Rast especifico para dermotofagoides pteronisimus
Rast Tri,Rast especifico para trigo
R LACTEO,RAST LACTEOS
R LATEX.,RAST LATEX
R ARROZ,RAST para ARROZ
PEN O,RAST para PENICILINA ORAL
RPI,RAST PENICILINA INYECTABLE
RPO,RAST PENICILINA ORAL
R VALNOR,Rast Valores Normales
RcACH,"Receptor acetilcolina , anticuerpo anti"
RSTRA,Receptor Soluble  de Transferrina
ADDIS,RECUENTO DE ADDIS
ADDIS 2H,RECUENTO DE ADDIS 2 HS
VETRAE,RECUENTO EOSINÓFILOS VETERINARIO
REI,REITER TEST
MIA CRU,REL MIA CRU en orina ocacional
RELAG,Relacion albumina globulinas totales
VETAL/GL,RELACION ALBUMINA-GLOBULINAS VETERINARIA
RAA,Relacion aldosterona /Actividad Renina
VETRCC,Relación cortisol/creatinina orina (VETERINARIA)
VETUPC,Relación proteínas/creatinina orina (VETERINARIA)
RENINAMA,RENINA - (Sitio Activo)
RENINA P,RENINA - ACTIVA post CAPTOPRIL
RENINA,RENINA ACTIVA
RENPIE,RENINA DE PIE
REN.,RENINA PLASMATICA
REN-POST,RENINA(Sitio Activo) post Ejercicio
RENINAPE,RENINA(Sitio Activo) post ENALAPRIL
RE BCR,REORDENAMIENTO BCR/ABL
REO Ac,REOVIRUS Anticuerpo
RPCA,RESIST. A LA PROTEINA C ACTIVA
RPCA.,RESISTENCIA A LA PROTEINA C ACTIVADA
FCA,RESISTENCIA OSMOTICA
SRV Ag,Respirat. Sinsicial Virus Ag
RET,RETICULOCITOS
RETC,RETICULOCITOS por citometria de flu
RHG,RH-GENOTIPOS
RHV,Rhinovirus PCR
RIKE IgG,RIKETTSIA IgG
RIKE IgM,RIKETTSIA IgM
IBR,RINOTRAQUEITIS INFECCIOSA BOVI
TDR,ROSETAS  TEST DE - LINFOCITOS T
ROSETAS,ROSETAS E - 4 GRADOS
ROS Ac,ROSETAS E-Anticuerpos
RR,Rosse Ragan
ROV Ac,ROTAVIRUS Anticuerpos
ROV,ROTAVIRUS ANTIG. (MAT. FECAL) ELISA
vCOVID,RT-PCR Sars-CoV-2 con CT
RUG AV,RUBEOLA ANTIC.ANTI AVIDEZ IgG
RUA,RUBEOLA ANTIC.ANTI IgA ELISA
RUG,RUBEOLA ANTIC.ANTI IgG ELISA
RUM,RUBEOLA ANTIC.ANTI IgM
SAL,SALICILATOS
SALIVA,SALIVA
BR-SAL,SALMONELLA
S-SALMO,SALMONELLA SEROLOGIA PARA
SOM,SANGRE OCULTA - MATERIA FECAL
SARA G,SARAMPION ANTIC.ANTI ELISA IgG
SARA M,SARAMPION ANTIC.ANTI ELISA IgM
SARA Ag,SARAMPION Antigeno
SARS IgG,SARS ELISA IgG COVIDAR
SARS IgM,SARS ELISA IgM COVIDAR
vSARSIgG,SARS IgG
SARS TOT,SARS TOT
COVID,SarsCov2 2024
v1COVID,SarsCoV2 RNA
SAT,SATURACION DE TRANSFERRINA
VIRRESP,Screenig Virus Respiratorios
SCR-1,SCREENING NEONATAL
SCR,SCREENING NEONATAL (TSN-PHY-)
SEDURI,Sedimento Urinario
SEL,SELENIO
SERINA,SERINA
SER,SEROTONINA
SERPLAQ,SEROTONINA (STN) plaquetaria
SER-U,SEROTONINA URINARIA
SOM-I,SG OCULTA EN MAT FEC INMUNO
S-SHIGEL,SHIGELLA SEROLOGIA PARA
SIA,SIALICO ACIDO
SIFILIS,SIFILIS SEROLOGIA PARA
SILICE,SILICE en agua
SIM2,SIMMS-HUBNER TEST DE
SIM,"SIMS-HUBBNER,TEST DE"
SRV G,SINCICIAL RESPIRATORIO ANTIC.ANTI IgG IFI
SRV M,SINCICIAL RESPIRATORIO ANTIC.ANTI IgM IFI
SMD,Sindrome MILLER DIEKER (DELECION 17P13.3 FISH)
SNP,SINDROMES NEUROLOGICOS PARANEOPLASICOS
SOBREVID,SOBREVIDA TEST DE
NAS-AGUA,SODIO en AGUA
NAS MF,SODIO en MATERIA FECAL
NAU,SODIO en orina
NAU02,SODIO en orina de 2 hs
NAS,SODIO en suero
VETNA,SODIO SERICO VETERINARIA
STM,SOMATOMEDINA C - IGF1
SOC,SOMATOMEDINA C (IGF-I)
HGH,SOMATOTROFINA
H10,SOMATOTROFINA (HGH) a los 10 min.
H45,SOMATOTROFINA (HGH) a los 45 min.
H3h,SOMATOTROFINA 180 minutos
H30,SOMATOTROFINA 30 minutos
H90,SOMATOTROFINA 90 minutos
HG2,SOMATOTROFINA a los 120 minutos
H20,SOMATOTROFINA a los 20 minutos
H25,SOMATOTROFINA a los 25 minutos
H40,SOMATOTROFINA a los 40 minutos
HGH-TRH,SOMATOTROFINA X3
HGH-PE,SOMATOTROFINA(HGH) post EJERCICIO
H60,SOMATROFINA 60 minutos
SDH,SORBITOL DEHIDROGENASA
STREPTO,streptcococo grupo B
STRPA,Streptococcus Grupo A
BHCG,SUB UNIDAD BETA DE GONAD.CORION.
FHCG,SUB UNIDAD BETA LIBRE DE HCG
SBO,SUB-UNIDAD BETA URINARIA
SUIG,Subclases inmunoglobulina G
SUT,SUDAN TEST DEL
SUD,SUDOR TEST DE ELECTROLITOS
DEH60,Sulfato de DEHIDROEPIANDR.a los 60m
SOD,SUPEROXIDO DIMUSTASA
SWUP,SWIM UP DIAGNÓSTICO
SWIN PER,SWIN UP - TECNICA PERCOLL
SWIN,SWIN-UP
T3,T3 - TRIIODOTIRONINA
T3-NG,T3 - TRIIODOTIRONINA
T3L,T3 LIBRE
vT4,T4 - TIROXINA TOTAL
T4L,T4 LIBRE
T4L.,T4 LIBRE.
CYST,TAENIA SOLIUM Ac.Anti-CYSTICERCUS
TAL-AA,TALIO por ABS.ATOMICA
TBC,TBC ANTIC.ANTI totales
TDH,TDBH-Droga : PENICILINA INYECTABLE
TENIA,Tenia Solium Ac. IgG
TEO,TEOFILINA (AMINOFILINA)
BR-TER,TERMOFILOS AEROB. TOTALES REC. DE
TEST RAP,TES RAPIDO STREP A
TEST G,TEST DE GRAHAM
DRG,TEST INMUNOLOGICO PARA LA DETECCION DE DROGAS DE A
TRCOVID,Test rapido COVID
TRCOVING,test rapido covid ingles
TESTDENG,TEST RAPIDO DENGUE
TE2,TESTOSTERONA a las 2 hs.
TE4,TESTOSTERONA a las 4 hs.
T72,TESTOSTERONA a las 72 hs.
TE3,TESTOSTERONA a los 30 min.
TE6,TESTOSTERONA a los 60 minutos
TEB.,TESTOSTERONA BIODISPONIBLE
TEB,TESTOSTERONA BIODISPONIBLE
TEo,TESTOSTERONA en orina
TEST H,TESTOSTERONA H
TEL60,TESTOSTERONA libre a los 60 min.
TEL.,TESTOSTERONA LIBRE en suero
TEL,TESTOSTERONA LIBRE en suero
TES,TESTOSTERONA PLASMATICA
TES ACTH,TESTOSTERONA POST ACTH
TEP,TESTOSTERONA post estim.Endocorion
TEST S,TESTOSTERONA S
THO,THORN PRUEBA DE
TCO,TIEMPO DE COAGULACION
KCT,TIEMPO DE COAGULACION DE CAOLIN
T-LISIS,TIEMPO DE LISIS DEL COAG. DE EUGLOBULINAS
CSANGRIA,Tiempo de sangria
TPR,TIEMPO Y CONCENTRACION
TDP,TINCION DE PERLS (Homosiderina)
VETZND,Tinción Ziehl Neelsen (VETERINARIA)
TIOSULFA,TIOSULFATOS
TCE,TIPIFICACION DE CELULAS en esputo
TIP,TIPIFICACION DE GERMENES
TIPH,Tipo HPV
TG,TIROGLOBULINA
LTI,TIROSINA
TBG,TIROXINA BINDING GLOBULIN
VETT4L,TIROXINA LIBRE VETERINARIA
T4.,TIROXINA TOTAL
VETT4,TIROXINA TOTAL veterinaria
TMU,TOMA MUESTRA
TOPI,TOPIRAMATO
TOXINA,TOXINA Busqueda de
TXG,TOXO IgG HEMAGLUTINACION
TXO,TOXO INMUNOENSAYO
TXINMU,TOXO INMUNOFLUORESCENCIA
TX AVI,TOXO TEST AVIDEZ
TXC,TOXOCARA CANIS IgG
TXC M,TOXOCARA CANNIS ELISA  IgM esp
VETTXG,Toxoplasma gondii Ac IgG felino (VETERINARIA)
TX2,TOXOPLASMOSIS 2 MERCAPTO ETANOL
TX-ACAP,TOXOPLASMOSIS ANTIC ANTI IgA-Captura IGA
TXA,TOXOPLASMOSIS ANTIC.ANTI IgA ELISA
TX-AVI,TOXOPLASMOSIS ANTIC.ANTI IgG AVIDEZ
TX-MCAP,TOXOPLASMOSIS ANTIC.ANTI IgM Captura
TX-ME,TOXOPLASMOSIS ANTIC.ANTI IgM ELISA
TX-GE-LC,TOXOPLASMOSIS Elisa IgG en L.C.R.
TX-ME-LC,TOXOPLASMOSIS Elisa IgM en L.C.R.
TX-FC,TOXOPLASMOSIS FIJACION COMPLEM.
TOXOIgG,TOXOPLASMOSIS IgG
TXI,TOXOPLASMOSIS IgG por ELISA
TOXOIgM,TOXOPLASMOSIS IgM
TPHA,TPHA Antic.Totales
TGO-Bi,TRANSAMINASA GLUTAMICO OXALACETICA
TGP-Bi,TRANSAMINASA GLUTAMINASA PIRIVICA
TRA,TRANSFERRINA
TTB,TRANSFORMACION BLASTICA TEST DE
BCL2/IGH,TRANSLOCACION BCL-2/IgH
vBCR/ABL,TRANSLOCACION BCR/ABL
ZN T8,TRANSPORTADOR DE ZINC
T1416,TRASLOCACION (14 ; 16) IGH/CMAF
T1420,TRASLOCACION IGH/MAFB - T(14;20)
T414,TRASLOCACION t(4;14)  IgH/FGFR3
A FTA,TREPONEMA PALLIDUM
TQI,TRICHINELLA ANTIC.ANTI IgG
TQM,TRICHINELLA ANTIC.ANTI IgM
TRICHO,TRICHOMONAS FOETUS CULTIVO de
ATA,TRICLOROACETICO ACIDO
TGL.,TRIGLICÉRIDOS
TGL,TRIGLICERIDOS
TGL 17,TRIGLICERIDOS a las 17 hs.
TGL 20,TRIGLICERIDOS a las 20 hs.
VETTGL,TRIGLICERIDOS VETERINARIA
T3.,TRIIODOTIRONINA T3
VETT3,TRIIODOTIRONINA VETERINARIA
CHA,TRIPANOSOMA CRUZI ANTICUERPOS ANTI
TCM,TRIPANOSOMA CRUZI en SANGRE Inv. de
TCSTROUT,TRIPANOSOMA CRUZI en SANGRE Inv. de
TTE,TRIPLE TEST
VETTIR,Tripsina Inmuno-reactiva canina (RIA) - VETERINARI
TRI,TRIPSINA INMUNOREACTIVA
SEO,"TRIPTAMINA, 5 HIDROXI"
TRIPT,TRIPTASA
TRF,TRIPTOFANO
TRIPTOF,TRIPTOFANO
TRF-ORI,Triptofano en Orina
HT5,"TRIPTOFANO, 5 HIDROXI - orina"
TTP,TROMBOPLASTINA
TROPO-T,TROPONINA  T ULTRASENSIBLE
TROPO,TROPONINA T (Tn-T)
TSH,TSH - TIROTROFINA PLASMATICA
T120,TSH a los 120 minutos post TRH
T13,TSH a los 13 minutos post TRH
T20,TSH a los 20 minutos.
T25,TSH a los 25 minutos
T28,TSH a los 28 minutos
T30,TSH a los 30 minutos
T40,TSH a los 40 minutos.
T45,TSH a los 45 minutos
T60,TSH a los 60 minutos
T90,TSH a los 90 minutos post TRH
TSH-TRH,TSH basal y 25 minutos.
VETTSH,TSH canina ELISA (VETERINARIA)
TSU-25,TSH ULTRASENSIBLE(TSU) a los 25 min
TSU-30,TSH ULTRASENSIBLE(TSU) a los 30 min
TSU-60,TSH ULTRASENSIBLE(TSU) a los 60 min
TSH-U,TSH-ULTRASENSIBLE
ABK,TUBERCULOS ANTIC.ANTI
KLB,TUBERCULOSIS ANTICUERPOS ANT
ZND-PCR,TUBERCULOSIS B. DE KOCH por PCR
CDU,UREA CLEARENCE DE
CDU PA,UREA CLEARENCE DE CORR. x SUPERF. CORP.
UR-U,UREA EN ORINA
URU12,UREA en orina de 12 hs.
URU02,UREA en orina de 2 hs.
VETURE,UREA VETERINARIA
UUM,Ureaplasma molecular
UURE Ac,UREAPLASMA UREALITICUM Antic. Anti
UREPCR,Ureaplasma urealyticum PCR
URE,UREMIA
EUD,URETRAL EXUDADO
EUDANT,URETRAL EXUDADO C/ANTIBIOGRAMA
EUTIP+,URETRAL EXUDADO POSIT.C/ANTIBIOGRAMA
URG,URGENCIA-RECARGO
AUR-Bi,URICO ACIDO
AUU02,URICO ACIDO  en orina de 2 hs.
AUOCAS,URICO ACIDO  EN ORINA OCASIONAL
AUR LS,URICO ACIDO EN LIQUIDO SINOVIAL
AUR-LIQ,URICO ACIDO en LIQUIDO SINOVIAL
AUU,URICO ACIDO orina
CDAUR,URICO CLEARENCE DE ACIDO
UROCITO,UROCITOGRAMA
VETOSM,Urocultivo (VETERINARIA)
RDC,Urocultivo al acecho.
USM,Urocultivo segunda micción
URM,UROPORFIRINAS EN MATERIA FECAL
URP,UROPORFIRINAS en orina
POR,UROPORFIRINAS URINARIAS
VDRL,V.D.R.L. CUALITATIVA
Vdr,V.D.R.L. en liqu.cefalorr.
BRAF,V600E DE BRAF
FVD,VAGINAL FLUJO
FVTIP+,VAGINAL FLUJO C/TIP + Y ANTIBIOG.
FVD/ANT,VAGINAL FLUJO CON ANT
AVM,VAINILLIN MANDELICO ACIDO
VAL,VALPROICO ACIDO
VDk,VAN DE KAMER
VKA,VAN DE KAMER
VARI G,VARICELA ANTIC.ANTI IgG IFI
VARI M,VARICELA ANTIC.ANTI IgM IFI
VZG,VARICELA ZOSTER ANTIC IgG
VZM,VARICELA ZOSTER ANTIC IgM
VZ PCR,VARICELA ZOSTER DNA POR PCR
vCARIO S,vCARIOTIPO SIMPLE
TVV,VENENO DE VIVORA RUSSELL TEST DE
vGGT-Bi,vieja GAMMA GLUTAMIL TRANS PEP. -GGT-
CKL,"viejo CADENAS LIVIANAS,KAPPA Y LAMBDA CUANTI"
vCARIO,viejo CARIOTIPO
vCARIO 2,viejo CARIOTIPO (Analisis Genetico)
vCARIO2A,viejo cariotipo alta res GENDA
vCARIOT2,viejo cariotipo estandar genda
CARIOT2,viejo cariotipo estandar GENDA
vCARIOTB,viejo cariotipo primagen altares
vBGT,viejo CARIOTIPO-BANDEO G-T
vCARIOT,viejo Cariotipo-primagen
vC1Q-IF,viejo COMPLEMENTO C1Q INHIBIDOR FUNCIONAL
vCOPRO,viejo COPROPARASITOLOGICO SERIADO
vCULT,viejo CULTIVO FLUJO
vHCV CV,viejo HCV CARGA VIRAL
vHEMC,viejo Hemograma
INMU-SUE,viejo Inmunofijación en suero
vMICOL,viejo micologico
vMYCOP,viejo Mycoplasma Molecular
vPLP,VIEJO PERFILLIPOPROTEICO
vPRENAT,viejo Prenatal
PRENATIN,viejo prenatal solo SD
vSTRB,viejo Strepto B
vSTREPTO,viejo Streptococo Grupo B
TXC G,viejo TOXOCARA CANNIS ELISA IgG esp
vTBC-PCR,viejo Tuberculosis Mycobacterium PCR
vUREAP,Viejo Ureaplasma molecular
vUPM,viejo Urocultivo primera micción
vUSM,viejo Urocultivo segunda micción
vFVD,viejo VAGINAL FLUJO
vXFRA,viejo X frágil GENDA
VIGABAT,VIGABATRIN PLASMATICO
VSR SB,VIRUS  RESPIRATORIO SINCICIAL Ag
FHA-G,VIRUS JUNIN Ac G
FHA-M,VIRUS JUNIN Ac M
AgVSR,Virus sincicial respiratorio Ag
VIA,VITAMINA A
VB1,VITAMINA B1 - TIAMINA
B12,VITAMINA B12
VETB12,Vitamina B12 (VETERINARIA)
VB2,VITAMINA B2 - RIBOFLAVINA
VB6,VITAMINA B6 - PIRIDOXINA
VIC,VITAMINA C - ACIDO ASCORBICO
VETVITD,Vitamina D (VETERINARIA)
V25,"VITAMINA D, 25 HIDROXI"
VIE,VITAMINA E - ALFA TOCOFEROL
VOL,VOLUMEN DE ORINA
VOL 12,VOLUMEN DE ORINA 12 hs
VOL 2,VOLUMEN DE ORINA 2 hs
WID,"WIDAL,REACCION DE"
WRIGTH,WRIGTH
WRIGTH2M,WRIGTH con 2 Mercapto etanol
XFRA,X fragil MANLAB
XAN,XANTINA EN ORINA
XIO,XILOSA en orina
XIL,XILOSA-D-PRUEBA DE LA
ZNa,ZINC en agua
ZINC ESP,ZINC en ESPERMA
ZIE,ZINC ERITROCITARIO
ZIN,ZINC SERICO
ZON,Zonulina
